홈데코 · 문구 · 취미 · 반려,문구,문구/사무용품,기타오피스용품,(1+1) 인기과자500종 몽쉘 오예스 에이스 빅파이,46680,1777,http://item.gmarket.co.kr/Item?goodscode=2042228355
홈데코 · 문구 · 취미 · 반려,문구,문구/사무용품,가위,문구 사무용품 베스트 4400 모음집,73625,1404,http://item.gmarket.co.kr/Item?goodscode=1601317087
홈데코 · 문구 · 취미 · 반려,문구,문구/사무용품,테이프/디스펜서,스카치 다용도테이프550 리필 18mm X 30m 12개입(11+1),3771,298,http://item.gmarket.co.kr/Item?goodscode=1514041333
홈데코 · 문구 · 취미 · 반려,문구,문구/사무용품,테이프/디스펜서,10미터 2개 초강력 실리콘 양면 테이프(2mm x 3cm 5M),1638,445,http://item.gmarket.co.kr/Item?goodscode=2032301620
홈데코 · 문구 · 취미 · 반려,문구,문구/사무용품,테이프/디스펜서,스카치 테이프 원터치 디스펜서 (블루)+ 리필 2롤 증정,24947,4400,http://item.gmarket.co.kr/Item?goodscode=1493501777
홈데코 · 문구 · 취미 · 반려,문구,문구/사무용품,클립/자석/핀,블독 클립 S,5400,0,http://item.gmarket.co.kr/Item?goodscode=2063455011
홈데코 · 문구 · 취미 · 반려,문구,문구/사무용품,자/줄자,오피스네오/자 모음/방안자/삼각자/커팅자/모양자,9654,61,http://item.gmarket.co.kr/Item?goodscode=757068367
홈데코 · 문구 · 취미 · 반려,문구,문구/사무용품,필기용품,하이샤파 연필깎이 KI-200 기차모양 레트로감성,21497,3475,http://item.gmarket.co.kr/Item?goodscode=1645866108
홈데코 · 문구 · 취미 · 반려,문구,문구/사무용품,필기용품,80색 디자인 트윈 마카펜 세트 미술 마커 펜홀드 포함,6119,1389,http://item.gmarket.co.kr/Item?goodscode=1767546710
홈데코 · 문구 · 취미 · 반려,문구,문구/사무용품,필기용품,Lamy 라미 사파리 샤프/정품/ 펜슬/연필/졸업선물,2447,289,http://item.gmarket.co.kr/Item?goodscode=789330906
홈데코 · 문구 · 취미 · 반려,문구,문구/사무용품,필기용품,사무용품총모음전/사무/문구/오피스용품,14859,472,http://item.gmarket.co.kr/Item?goodscode=1269926272
홈데코 · 문구 · 취미 · 반려,문구,문구/사무용품,필기용품,제트스트림 SXN-150 0.5mm/0.7mm 사무용품 볼펜 펜,1289,455,http://item.gmarket.co.kr/Item?goodscode=2167526538
홈데코 · 문구 · 취미 · 반려,문구,문구/사무용품,필기용품,오피스네오/사무용품 총모음/문구용품/오피스용품/,141062,529,http://item.gmarket.co.kr/Item?goodscode=648210725
홈데코 · 문구 · 취미 · 반려,문구,문구/사무용품,필기용품,터치 미술 드로잉 디자인 마카펜 80색 +사은품 증정,1486,140,http://item.gmarket.co.kr/Item?goodscode=1953215192
홈데코 · 문구 · 취미 · 반려,문구,문구/사무용품,보드마카,생잉크보드마카 네임펜 유성매직 모음/ 12색세트,1388,51,http://item.gmarket.co.kr/Item?goodscode=2180048309
홈데코 · 문구 · 취미 · 반려,문구,문구/사무용품,연필깎이,하이샤파 연필깎이 KI-200 기차모양 레트로감성,21497,3475,http://item.gmarket.co.kr/Item?goodscode=1645866108
홈데코 · 문구 · 취미 · 반려,문구,문구/사무용품,연필,OPEN_대출증커버(100개)  _오픈마켓용/포스비브테크,1242,13,http://item.gmarket.co.kr/Item?goodscode=1759994820
홈데코 · 문구 · 취미 · 반려,문구,문구/사무용품,연필교정기/홀더,연필교정기 유아 어린이 글씨교정 악필교정 그립 4P,2869,276,http://item.gmarket.co.kr/Item?goodscode=1729180175
홈데코 · 문구 · 취미 · 반려,문구,문구/사무용품,문구세트,사무용품총모음전/사무/문구/오피스용품,14859,472,http://item.gmarket.co.kr/Item?goodscode=1269926272
홈데코 · 문구 · 취미 · 반려,문구,문구/사무용품,만년필,Lamy 라미 사파리 샤프/정품/ 펜슬/연필/졸업선물,2447,289,http://item.gmarket.co.kr/Item?goodscode=789330906
홈데코 · 문구 · 취미 · 반려,문구,문구/사무용품,만년필,정품 파스텔만년필 레드클립 블루마카롱 민트글레이즈,2028,28,http://item.gmarket.co.kr/Item?goodscode=445451898
홈데코 · 문구 · 취미 · 반려,문구,문구/사무용품,형광펜,모리스 저스트클릭 형광펜M2 하이라이터 노크식 사각,2441,27,http://item.gmarket.co.kr/Item?goodscode=1970029160
홈데코 · 문구 · 취미 · 반려,문구,문구/사무용품,매직,80색 디자인 트윈 마카펜 세트 미술 마커 펜홀드 포함,6119,1389,http://item.gmarket.co.kr/Item?goodscode=1767546710
홈데코 · 문구 · 취미 · 반려,문구,문구/사무용품,매직,터치 미술 드로잉 디자인 마카펜 80색 +사은품 증정,1486,140,http://item.gmarket.co.kr/Item?goodscode=1953215192
홈데코 · 문구 · 취미 · 반려,문구,문구/사무용품,매직,모나미 유성매직 1타 (12개입) 매직 적색 흑색 청색,6615,141,http://item.gmarket.co.kr/Item?goodscode=235070046
홈데코 · 문구 · 취미 · 반려,문구,문구/사무용품,볼펜,제트스트림 SXN-150 0.5mm/0.7mm 사무용품 볼펜 펜,1289,455,http://item.gmarket.co.kr/Item?goodscode=2167526538
홈데코 · 문구 · 취미 · 반려,문구,문구/사무용품,볼펜,오피스네오/사무용품 총모음/문구용품/오피스용품/,141062,529,http://item.gmarket.co.kr/Item?goodscode=648210725
홈데코 · 문구 · 취미 · 반려,문구,문구/사무용품,젤잉크펜,유니볼 시그노 DX UM-151 중성펜 48색 신칼라,2274,130,http://item.gmarket.co.kr/Item?goodscode=946129297
홈데코 · 문구 · 취미 · 반려,문구,문구/사무용품,젤잉크펜,동아 파인테크 중성펜 0.25/0.3/0.4/0.5/0.7 볼펜,69066,461,http://item.gmarket.co.kr/Item?goodscode=399609066
홈데코 · 문구 · 취미 · 반려,문구,문구/사무용품,젤잉크펜,유니볼 시그노/유니/Uni/중성펜/겔 잉크볼펜/펜/볼펜,2992,46,http://item.gmarket.co.kr/Item?goodscode=689034830
홈데코 · 문구 · 취미 · 반려,문구,문구/사무용품,네임펜/사인펜,모나미 네임펜F 중간글씨용 12개입 유성 필기,8778,262,http://item.gmarket.co.kr/Item?goodscode=636159518
홈데코 · 문구 · 취미 · 반려,문구,문구/사무용품,과학준비물,B 둥근캡슐 대량구매 추첨볼 뽑기통 투명캡슐 빈캡슐,5032,29,http://item.gmarket.co.kr/Item?goodscode=402420019
홈데코 · 문구 · 취미 · 반려,문구,문구/사무용품,파일/바인더,벌크 클리어홀더 투명 L홀더 500장 1박스 간지화일A4,12537,193,http://item.gmarket.co.kr/Item?goodscode=641930124
홈데코 · 문구 · 취미 · 반려,문구,문구/사무용품,파일/바인더,미령문구 특가 L자홀더  500장입 1박스 L화일당일발송,179210,119,http://item.gmarket.co.kr/Item?goodscode=130290368
홈데코 · 문구 · 취미 · 반려,문구,문구/사무용품,파일/바인더,오피스네오/화일바인더 모음/클리어화일/정부화일,88597,521,http://item.gmarket.co.kr/Item?goodscode=563518356
홈데코 · 문구 · 취미 · 반려,문구,문구/사무용품,파일/바인더,카카오프렌즈 KF L홀더 파일 포켓화일,12311,47,http://item.gmarket.co.kr/Item?goodscode=2106673613
홈데코 · 문구 · 취미 · 반려,문구,문구/사무용품,파일/바인더,카카오프렌즈 L홀더 (1팩/10매입) 문구용품 포켓화일,10158,143,http://item.gmarket.co.kr/Item?goodscode=1706234955
홈데코 · 문구 · 취미 · 반려,문구,문구/사무용품,파일/바인더,L홀더 100장 특가 투명홀더 L자파일 무료배송당일발송,16918,140,http://item.gmarket.co.kr/Item?goodscode=169390473
홈데코 · 문구 · 취미 · 반려,문구,문구/사무용품,파일/바인더,L홀더 100장 투명화일 L홀더 A4 100매 홀더,7372,87,http://item.gmarket.co.kr/Item?goodscode=340913952
홈데코 · 문구 · 취미 · 반려,문구,문구/사무용품,파일,벌크 클리어홀더 투명 L홀더 500장 1박스 간지화일A4,12537,193,http://item.gmarket.co.kr/Item?goodscode=641930124
홈데코 · 문구 · 취미 · 반려,문구,문구/사무용품,파일,미령문구 특가 L자홀더  500장입 1박스 L화일당일발송,179210,119,http://item.gmarket.co.kr/Item?goodscode=130290368
홈데코 · 문구 · 취미 · 반려,문구,문구/사무용품,파일,오피스네오/화일바인더 모음/클리어화일/정부화일,88597,521,http://item.gmarket.co.kr/Item?goodscode=563518356
홈데코 · 문구 · 취미 · 반려,문구,문구/사무용품,파일,카카오프렌즈 KF L홀더 파일 포켓화일,12311,47,http://item.gmarket.co.kr/Item?goodscode=2106673613
홈데코 · 문구 · 취미 · 반려,문구,문구/사무용품,파일,카카오프렌즈 L홀더 (1팩/10매입) 문구용품 포켓화일,10158,143,http://item.gmarket.co.kr/Item?goodscode=1706234955
홈데코 · 문구 · 취미 · 반려,문구,문구/사무용품,파일,L홀더 100장 특가 투명홀더 L자파일 무료배송당일발송,16918,140,http://item.gmarket.co.kr/Item?goodscode=169390473
홈데코 · 문구 · 취미 · 반려,문구,문구/사무용품,파일,L홀더 100장 투명화일 L홀더 A4 100매 홀더,7372,87,http://item.gmarket.co.kr/Item?goodscode=340913952
홈데코 · 문구 · 취미 · 반려,문구,문구/사무용품,파일,무배 반투명 둥근 쫄대화일 100개입 레일 홀더 파일,1016,72,http://item.gmarket.co.kr/Item?goodscode=1592770383
홈데코 · 문구 · 취미 · 반려,문구,문구/사무용품,파일,OEM A4 정부화일 종이화일 10매 책철 서류정리,53001,999,http://item.gmarket.co.kr/Item?goodscode=1398469755
홈데코 · 문구 · 취미 · 반려,문구,문구/사무용품,파일,사무용품 정부 화일 파일 쫄대 바인더 클리어 홀더 A4,112979,783,http://item.gmarket.co.kr/Item?goodscode=133589343
홈데코 · 문구 · 취미 · 반려,문구,문구/사무용품,파일,L홀더(L자화일) 투명화일 500개 1박스(벌크),1837,60,http://item.gmarket.co.kr/Item?goodscode=634010302
홈데코 · 문구 · 취미 · 반려,문구,문구/사무용품,문서/파일박스,오피스존 문서보관상자 A4 10개입 화일상자 서류상자,3745,174,http://item.gmarket.co.kr/Item?goodscode=133645560
홈데코 · 문구 · 취미 · 반려,문구,문구/사무용품,클립보드/결제판,오피스존 PP A4 불투명 칼라 클립보드 아크릴 결재판,8085,49,http://item.gmarket.co.kr/Item?goodscode=278982485
홈데코 · 문구 · 취미 · 반려,문구,문구/사무용품,접착식메모지,오피스네오/포스트잇 모음/플래그/접착식메모지/3M,46727,541,http://item.gmarket.co.kr/Item?goodscode=829891575
홈데코 · 문구 · 취미 · 반려,문구,문구/사무용품,접착식메모지,모양포스트잇모음/모양노트/모양스티키노트/포스트잇,36938,193,http://item.gmarket.co.kr/Item?goodscode=1678006037
홈데코 · 문구 · 취미 · 반려,문구,문구/사무용품,접착식메모지,3M포스트잇 노트/플래그/모양/인덱스,20734,320,http://item.gmarket.co.kr/Item?goodscode=1701653893
홈데코 · 문구 · 취미 · 반려,문구,문구/사무용품,접착식메모지,대용량팩 알뜰팩 40~50% 플래그 654 656 노트 테이프,13364,138,http://item.gmarket.co.kr/Item?goodscode=751078714
홈데코 · 문구 · 취미 · 반려,문구,문구/사무용품,접착식메모지,3M 포스트잇 스카치 테이프 대용량 디스펜서 오피스팩,1630,66,http://item.gmarket.co.kr/Item?goodscode=185785779
홈데코 · 문구 · 취미 · 반려,문구,문구/사무용품,접착식메모지,3M 포스트잇 테이블탑 이젤패드 563R,1490,9,http://item.gmarket.co.kr/Item?goodscode=1631132619
홈데코 · 문구 · 취미 · 반려,문구,문구/사무용품,메모지,포스트잇 이젤패드 563 테이블탑 수업교구 회의 미팅,4536,17,http://item.gmarket.co.kr/Item?goodscode=1523700241
홈데코 · 문구 · 취미 · 반려,문구,문구/사무용품,메모지,포스트잇 이젤패드 566 월패드 미팅 프레젠테이션 회의,1082,11,http://item.gmarket.co.kr/Item?goodscode=1523692433
홈데코 · 문구 · 취미 · 반려,문구,문구/사무용품,메모지,포스트잇 이젤패드 563 2in1 메모패드 화이트보드,1177,9,http://item.gmarket.co.kr/Item?goodscode=1523698269
홈데코 · 문구 · 취미 · 반려,문구,문구/사무용품,사무용지,엑소(EXXO) A4 복사용지(A4용지) 75g 2BOX(5000매),25460,3203,http://item.gmarket.co.kr/Item?goodscode=1927664773
홈데코 · 문구 · 취미 · 반려,문구,문구/사무용품,사무용지,삼성 그린 A4용지 75g 2500매 2박스(5000매) 복사용지,6690,992,http://item.gmarket.co.kr/Item?goodscode=1942098159
홈데코 · 문구 · 취미 · 반려,문구,문구/사무용품,사무용지,HP A4 복사용지(A4용지) 80g 2500매 2BOX (5000매),163126,6779,http://item.gmarket.co.kr/Item?goodscode=782096663
홈데코 · 문구 · 취미 · 반려,문구,문구/사무용품,사무용지,밀크 A4 복사용지 A4용지 80g 5000매(2박스),7221,467,http://item.gmarket.co.kr/Item?goodscode=1915451835
홈데코 · 문구 · 취미 · 반려,문구,문구/사무용품,사무용지,더블에이 A4 복사용지  80g 4000매 2BOX/A4용지,135203,3577,http://item.gmarket.co.kr/Item?goodscode=772056310
홈데코 · 문구 · 취미 · 반려,문구,문구/사무용품,양식/서식지,오엠알카드/답안지/초중고 연습용 OMR 카드 (200매),1731,15,http://item.gmarket.co.kr/Item?goodscode=681872098
홈데코 · 문구 · 취미 · 반려,문구,문구/사무용품,양식/서식지,이지폼 거래명세서 1000매 한박스 200매 5묶음,1977,67,http://item.gmarket.co.kr/Item?goodscode=200977441
홈데코 · 문구 · 취미 · 반려,문구,문구/사무용품,복사용지,엑소(EXXO) A4 복사용지(A4용지) 75g 2BOX(5000매),25460,3203,http://item.gmarket.co.kr/Item?goodscode=1927664773
홈데코 · 문구 · 취미 · 반려,문구,문구/사무용품,복사용지,삼성 그린 A4용지 75g 2500매 2박스(5000매) 복사용지,6690,992,http://item.gmarket.co.kr/Item?goodscode=1942098159
홈데코 · 문구 · 취미 · 반려,문구,문구/사무용품,복사용지,HP A4 복사용지(A4용지) 80g 2500매 2BOX (5000매),163129,6779,http://item.gmarket.co.kr/Item?goodscode=782096663
홈데코 · 문구 · 취미 · 반려,문구,문구/사무용품,복사용지,밀크 A4 복사용지 A4용지 80g 5000매(2박스),7221,467,http://item.gmarket.co.kr/Item?goodscode=1915451835
홈데코 · 문구 · 취미 · 반려,문구,문구/사무용품,복사용지,더블에이 A4 복사용지  80g 4000매 2BOX/A4용지,135203,3577,http://item.gmarket.co.kr/Item?goodscode=772056310
홈데코 · 문구 · 취미 · 반려,문구,문구/사무용품,기타사무용지,포스용지 감열지 79x70 50롤 약관,4370,304,http://item.gmarket.co.kr/Item?goodscode=1779418846
홈데코 · 문구 · 취미 · 반려,문구,문구/사무용품,기타사무용지,오뚜기 컵밥 25종 모음 골라담기 20%증량 간편식,3995,439,http://item.gmarket.co.kr/Item?goodscode=2205114245
홈데코 · 문구 · 취미 · 반려,문구,문구/사무용품,팬시용품,피규어 키링 3P SET 할로윈 키홀더 열쇠고리 악세사리,3477,878,http://item.gmarket.co.kr/Item?goodscode=2262188381
홈데코 · 문구 · 취미 · 반려,문구,문구/사무용품,기타팬시용품,피규어 키링 3P SET 할로윈 키홀더 열쇠고리 악세사리,3477,878,http://item.gmarket.co.kr/Item?goodscode=2262188381
홈데코 · 문구 · 취미 · 반려,문구,문구/사무용품,다이모,모텍스/MX-5500 가격표시기 라벨지 갑20롤 라벨테이프,1669,64,http://item.gmarket.co.kr/Item?goodscode=635043904
홈데코 · 문구 · 취미 · 반려,문구,문구/사무용품,스티커,고해상도 1+1 방수네임스티커/이름스티커,593572,11686,http://item.gmarket.co.kr/Item?goodscode=639473925
홈데코 · 문구 · 취미 · 반려,문구,문구/사무용품,스티커,카카오프렌즈 2021 신학기 구백 문구 세트  A형 학용품,4367,47,http://item.gmarket.co.kr/Item?goodscode=2011247484
홈데코 · 문구 · 취미 · 반려,문구,문구/사무용품,스티커,스크래치 스티커 300개 행사 이벤트 돌잔치 복권 쿠폰,3320,53,http://item.gmarket.co.kr/Item?goodscode=971874342
홈데코 · 문구 · 취미 · 반려,문구,문구/사무용품,엽서,만들기패키지178)입체크리스마스카드만들기/성탄카드,22789,36,http://item.gmarket.co.kr/Item?goodscode=420082961
홈데코 · 문구 · 취미 · 반려,문구,문구/사무용품,엽서,캘리엽서세트 사과데이 애플데이 수능 크리스마스,8211,78,http://item.gmarket.co.kr/Item?goodscode=784513744
홈데코 · 문구 · 취미 · 반려,문구,문구/사무용품,엽서,체크스토리 압화꽃모음 압화 케이스 레진 공예 수업,12615,53,http://item.gmarket.co.kr/Item?goodscode=427130864
홈데코 · 문구 · 취미 · 반려,문구,문구/사무용품,앨범,대용량 사진앨범 포켓식 4x6 포토앨범 300장,2944,434,http://item.gmarket.co.kr/Item?goodscode=1567140008
홈데코 · 문구 · 취미 · 반려,문구,문구/사무용품,앨범,대용량 가죽앨범 접착식 사진앨범 초음파 포토 앨범,3193,83,http://item.gmarket.co.kr/Item?goodscode=313437173
홈데코 · 문구 · 취미 · 반려,문구,문구/사무용품,앨범,대용량 50매 앨범 사진앨범 포토앨범 접착 포켓,21424,1892,http://item.gmarket.co.kr/Item?goodscode=791736203
홈데코 · 문구 · 취미 · 반려,문구,문구/사무용품,앨범,플레인바인더 앨범 접착식 백지 포토 사진 흑지 포켓,34912,1825,http://item.gmarket.co.kr/Item?goodscode=206753176
홈데코 · 문구 · 취미 · 반려,문구,문구/사무용품,앨범,라비에벨 볼트 대용량  접착앨범 50매,4281,690,http://item.gmarket.co.kr/Item?goodscode=963799960
홈데코 · 문구 · 취미 · 반려,문구,문구/사무용품,포토앨범,대용량 사진앨범 포켓식 4x6 포토앨범 300장,2944,434,http://item.gmarket.co.kr/Item?goodscode=1567140008
홈데코 · 문구 · 취미 · 반려,문구,문구/사무용품,포토앨범,대용량 가죽앨범 접착식 사진앨범 초음파 포토 앨범,3193,83,http://item.gmarket.co.kr/Item?goodscode=313437173
홈데코 · 문구 · 취미 · 반려,문구,문구/사무용품,포토앨범,대용량 50매 앨범 사진앨범 포토앨범 접착 포켓,21424,1892,http://item.gmarket.co.kr/Item?goodscode=791736203
홈데코 · 문구 · 취미 · 반려,문구,문구/사무용품,포토앨범,플레인바인더 앨범 접착식 백지 포토 사진 흑지 포켓,34912,1825,http://item.gmarket.co.kr/Item?goodscode=206753176
홈데코 · 문구 · 취미 · 반려,문구,문구/사무용품,포토앨범,라비에벨 볼트 대용량  접착앨범 50매,4281,690,http://item.gmarket.co.kr/Item?goodscode=963799960
홈데코 · 문구 · 취미 · 반려,문구,문구/사무용품,미니/폴라로이드앨범,탑로더 투명탑로더 포카 포토카드 낱개 투명카드,5440,28,http://item.gmarket.co.kr/Item?goodscode=2241333179
홈데코 · 문구 · 취미 · 반려,문구,문구/사무용품,미니/폴라로이드앨범,포토카드 슬리브  탑로더 탑꾸 투명 슬리브,23029,187,http://item.gmarket.co.kr/Item?goodscode=2153633856
홈데코 · 문구 · 취미 · 반려,문구,문구/사무용품,미니/폴라로이드앨범,탑로더 투명탑로더 포카 포토카드 보드게임,11945,59,http://item.gmarket.co.kr/Item?goodscode=2207672457
홈데코 · 문구 · 취미 · 반려,문구,문구/사무용품,스크랩북,스크랩북 5p 앨범,9689,8,http://item.gmarket.co.kr/Item?goodscode=2175590125
홈데코 · 문구 · 취미 · 반려,문구,문구/사무용품,스크랩북,스크랩북 10p 앨범,4566,5,http://item.gmarket.co.kr/Item?goodscode=2175590032
홈데코 · 문구 · 취미 · 반려,문구,문구/사무용품,다이어리,카카오프렌즈 A+ 세트 문구 학용품 단체 공책 노트 D1,6769,94,http://item.gmarket.co.kr/Item?goodscode=1508993082
홈데코 · 문구 · 취미 · 반려,문구,문구/사무용품,다이어리,유즈어리25A 다이어리 양지다이어리 2022년 신제품,10693,152,http://item.gmarket.co.kr/Item?goodscode=316786905
홈데코 · 문구 · 취미 · 반려,문구,문구/사무용품,다이어리데코용품,비온뒤 A5 데코포켓 6공 파일 (다꾸 스티커 보관),1546,65,http://item.gmarket.co.kr/Item?goodscode=1843883379
홈데코 · 문구 · 취미 · 반려,문구,문구/사무용품,독서대,국산 2단 독서대 각도조절 책받침대 와이드 40Cm,1962,477,http://item.gmarket.co.kr/Item?goodscode=1468167563
홈데코 · 문구 · 취미 · 반려,문구,문구/사무용품,독서대,북스테이션 독서대 특허받은 신개념 패드형 책받침대,3703,418,http://item.gmarket.co.kr/Item?goodscode=1770186581
홈데코 · 문구 · 취미 · 반려,문구,문구/사무용품,독서대,카카오프렌즈 1단 독서대 가로35x세로23cm,1108,210,http://item.gmarket.co.kr/Item?goodscode=2084909830
홈데코 · 문구 · 취미 · 반려,문구,문구/사무용품,책갈피/북마크,3D 입체 동물 캐릭터 책갈피 북마크-학생 독서 선물,1841,15,http://item.gmarket.co.kr/Item?goodscode=2152659656
홈데코 · 문구 · 취미 · 반려,문구,문구/사무용품,책갈피/북마크,골드책갈피 북마크 외국인선물 한국기념품 단체선물,10170,164,http://item.gmarket.co.kr/Item?goodscode=1455204952
홈데코 · 문구 · 취미 · 반려,문구,문구/사무용품,저금통,캐릭터 지문 금고 지폐 저금통 디지털 쥐돌이 ATM,3492,1490,http://item.gmarket.co.kr/Item?goodscode=1740266517
홈데코 · 문구 · 취미 · 반려,문구,문구/사무용품,서류정리함,오피스존 카파 서류함 서류보관함 화일 정리함 수납함,13548,171,http://item.gmarket.co.kr/Item?goodscode=539485218
홈데코 · 문구 · 취미 · 반려,문구,문구/사무용품,화이트보드,중대형화이트보드 27900원~/물백묵/분필칠판/월중행사,3934,158,http://item.gmarket.co.kr/Item?goodscode=412151961
홈데코 · 문구 · 취미 · 반려,문구,문구/사무용품,블랙보드,블랙보드판 이젤 칠판 카페메뉴판 입간판게시판 간판,26451,134,http://item.gmarket.co.kr/Item?goodscode=199682438
홈데코 · 문구 · 취미 · 반려,문구,문구/사무용품,미술보조용품,DIY 미니어처 하우스 만들기 키트 3+1 사은품 증정,1245,225,http://item.gmarket.co.kr/Item?goodscode=2192120090
홈데코 · 문구 · 취미 · 반려,문구,문구/사무용품,미술보조용품,DIY 보석십자수 (캔버스형) 25x25 30x40 40x50 모음,34858,10829,http://item.gmarket.co.kr/Item?goodscode=868904696
홈데코 · 문구 · 취미 · 반려,문구,문구/사무용품,이젤,나무이젤90 120 130 학원 학교 수업용 미술용 전시용,2588,155,http://item.gmarket.co.kr/Item?goodscode=1596438751
홈데코 · 문구 · 취미 · 반려,문구,문구/사무용품,앞치마/토시/케이스,PVC필름지 A4(6색)/두꺼운 셀로판지/PVC칼라필름,1585,25,http://item.gmarket.co.kr/Item?goodscode=1758871994
홈데코 · 문구 · 취미 · 반려,문구,문구/사무용품,포장용품,3SK BOX 택배박스 업계를 리드하는 기업,545759,13019,http://item.gmarket.co.kr/Item?goodscode=161267854
홈데코 · 문구 · 취미 · 반려,문구,문구/사무용품,포장용품,100%직접생산/ 박스포유 택배박스,1072574,14107,http://item.gmarket.co.kr/Item?goodscode=153279336
홈데코 · 문구 · 취미 · 반려,문구,문구/사무용품,포장용품,박스테이프 포장 택배(경포장 80m미터 투명-50개),15566,1251,http://item.gmarket.co.kr/Item?goodscode=1340919091
홈데코 · 문구 · 취미 · 반려,문구,문구/사무용품,포장용품,명진박스 20+1행사 택배박스 무지박스 박스,85976,4269,http://item.gmarket.co.kr/Item?goodscode=668196044
홈데코 · 문구 · 취미 · 반려,문구,문구/사무용품,포장용품,박스몰 튼튼하고 다양한 사이즈 택배박스 무료배송,19681,1925,http://item.gmarket.co.kr/Item?goodscode=1540197683
홈데코 · 문구 · 취미 · 반려,문구,문구/사무용품,포장용품,쓰리팩 무소음테이프 50m 쓰리팩 OPP 포장테이프,2109,50,http://item.gmarket.co.kr/Item?goodscode=1523097812
홈데코 · 문구 · 취미 · 반려,문구,문구/사무용품,포장용품,이벤트진행 15+1(테이프) (대량)마운틴 택배박스,16657,1551,http://item.gmarket.co.kr/Item?goodscode=778900314
홈데코 · 문구 · 취미 · 반려,문구,문구/사무용품,포장용품,튼튼한 택배박스 자체생산/박스 포장박스 BOX,143175,2718,http://item.gmarket.co.kr/Item?goodscode=104914497
홈데코 · 문구 · 취미 · 반려,문구,문구/사무용품,포장용품,초특가 할인판매 최고 강도의 택배박스 박스 포장박스,52682,980,http://item.gmarket.co.kr/Item?goodscode=163181232
홈데코 · 문구 · 취미 · 반려,문구,문구/사무용품,포장용품,무료배송 박스테이프 포장 테이프 80M 경포장 투명40개,63192,1264,http://item.gmarket.co.kr/Item?goodscode=634225421
홈데코 · 문구 · 취미 · 반려,문구,문구/사무용품,포장용품,택배박스싸게파는집 튼튼하고 싼 삼삼한 박스,24579,1383,http://item.gmarket.co.kr/Item?goodscode=290491906
홈데코 · 문구 · 취미 · 반려,문구,문구/사무용품,포장용품,박스킹 택배박스 박스 맞춤박스,51700,1231,http://item.gmarket.co.kr/Item?goodscode=285857697
홈데코 · 문구 · 취미 · 반려,문구,문구/사무용품,포장용품,박스테이프 문구 이사 L1-경포장(40Mx50개)투명,144681,1469,http://item.gmarket.co.kr/Item?goodscode=208288450
홈데코 · 문구 · 취미 · 반려,문구,문구/사무용품,포장용품,포장에어캡/50cm  50m 4롤/100M 대용량/포장용 뽁뽁이,22469,1023,http://item.gmarket.co.kr/Item?goodscode=898789683
홈데코 · 문구 · 취미 · 반려,문구,문구/사무용품,포장용품,비앤티박스 택배박스/착한가격/당일퀵배송/최고품질/,124013,1167,http://item.gmarket.co.kr/Item?goodscode=293963256
홈데코 · 문구 · 취미 · 반려,문구,문구/사무용품,포장용품,인쇄 로고 테이프 (신선식품 빨강 50m미터-50개),3128,150,http://item.gmarket.co.kr/Item?goodscode=1474576030
홈데코 · 문구 · 취미 · 반려,문구,문구/사무용품,포장용품,무료배송특가 아이스박스/아이스팩/스티로폼박스,15704,829,http://item.gmarket.co.kr/Item?goodscode=274091633
홈데코 · 문구 · 취미 · 반려,문구,문구/사무용품,포장용품,홍보용 스트레치필름 공업용랩 포장 산업 정품4롤정량,18222,1228,http://item.gmarket.co.kr/Item?goodscode=790578148
홈데코 · 문구 · 취미 · 반려,문구,문구/사무용품,포장용품,박스킹 박스 택배박스 로고박스 맞춤박스,117923,1150,http://item.gmarket.co.kr/Item?goodscode=278991416
홈데코 · 문구 · 취미 · 반려,문구,문구/사무용품,포장용품,박스테이프 포장 택배(경포장 40m미터 투명-50개),1741,151,http://item.gmarket.co.kr/Item?goodscode=1340935568
홈데코 · 문구 · 취미 · 반려,문구,문구/사무용품,포장용품,박스테이프 포장 택배(중포장 50m미터 투명-50개),5947,306,http://item.gmarket.co.kr/Item?goodscode=1341052420
홈데코 · 문구 · 취미 · 반려,문구,문구/사무용품,포장용품,엑소 박스테이프 투명 40M 12개,1194,465,http://item.gmarket.co.kr/Item?goodscode=1808738901
홈데코 · 문구 · 취미 · 반려,문구,문구/사무용품,포장용품,박스테이프 포장 택배(경포장 80m미터 황색-50개),1938,186,http://item.gmarket.co.kr/Item?goodscode=1340929894
홈데코 · 문구 · 취미 · 반려,문구,문구/사무용품,포장용품,포장용에어캡(33cmX6롤)-1개/뽁뽁이 공장직판 국산정품,24581,287,http://item.gmarket.co.kr/Item?goodscode=214912512
홈데코 · 문구 · 취미 · 반려,문구,문구/사무용품,포장용품,박스테이프 포장 택배(중포장 80m미터 투명-50개),3460,275,http://item.gmarket.co.kr/Item?goodscode=1340971770
홈데코 · 문구 · 취미 · 반려,문구,문구/사무용품,포장용품,박스테이프 더블경포장(80Mx50개)L50 투명 택배 포장,1143,137,http://item.gmarket.co.kr/Item?goodscode=1949664532
홈데코 · 문구 · 취미 · 반려,문구,문구/사무용품,포장용품,2000가지 택배박스 당일 초고속 발송 / 박스 포장박스,19308,374,http://item.gmarket.co.kr/Item?goodscode=630601703
홈데코 · 문구 · 취미 · 반려,문구,문구/사무용품,포장용품,공장직판 국산정품 뽁뽁이/포장에어캡(25cmx8롤)-1개,69561,384,http://item.gmarket.co.kr/Item?goodscode=214908375
홈데코 · 문구 · 취미 · 반려,문구,문구/사무용품,포장용품,포장용 에어캡 뽁뽁이 더블 2T / 4호 50X50M 4롤,4091,450,http://item.gmarket.co.kr/Item?goodscode=1567697260
홈데코 · 문구 · 취미 · 반려,문구,문구/사무용품,포장용품,OPP봉투 접착식 비닐포장 폴리백 30 40 3.5 DD-10169,1921,270,http://item.gmarket.co.kr/Item?goodscode=2194962062
홈데코 · 문구 · 취미 · 반려,문구,문구/사무용품,포장용품,박스아울렛몰 색이진하고 튼튼한 KLB재질 택배박스,10308,924,http://item.gmarket.co.kr/Item?goodscode=875881156
홈데코 · 문구 · 취미 · 반려,문구,문구/사무용품,포장용품,박스테이프 포장 택배(경포장 80m미터 투명-40개),2576,255,http://item.gmarket.co.kr/Item?goodscode=1340888013
홈데코 · 문구 · 취미 · 반려,문구,문구/사무용품,포장용품,스티로폼박스/김치 박스 /아이스박스/아이스팩,39676,254,http://item.gmarket.co.kr/Item?goodscode=168032874
홈데코 · 문구 · 취미 · 반려,문구,문구/사무용품,포장지,선물포장비닐/OPP접착/쿠키봉투/빵포장지/어린이집,15685,365,http://item.gmarket.co.kr/Item?goodscode=1499465235
홈데코 · 문구 · 취미 · 반려,문구,문구/사무용품,쇼핑백,OPP봉투 접착식 비닐포장 폴리백 30 40 3.5 DD-10169,1921,270,http://item.gmarket.co.kr/Item?goodscode=2194962062
홈데코 · 문구 · 취미 · 반려,문구,문구/사무용품,쇼핑백,종이쇼핑백 종이가방 크라프트쇼핑백 종이봉투,17242,322,http://item.gmarket.co.kr/Item?goodscode=666065959
홈데코 · 문구 · 취미 · 반려,문구,문구/사무용품,쇼핑백,쇼핑백/비닐쇼핑백/비닐봉투/비닐봉지/비닐/봉투/포장,74993,646,http://item.gmarket.co.kr/Item?goodscode=226843814
홈데코 · 문구 · 취미 · 반려,문구,문구/사무용품,쇼핑백,종이쇼핑백 도시락쇼핑백 종이가방 베스트봉투,13117,172,http://item.gmarket.co.kr/Item?goodscode=716466264
홈데코 · 문구 · 취미 · 반려,문구,문구/사무용품,쇼핑백,박스몰 종이쇼핑백 크라프트 화이트 쇼핑백 종이봉투,1745,125,http://item.gmarket.co.kr/Item?goodscode=1740337039
홈데코 · 문구 · 취미 · 반려,문구,문구/사무용품,택배박스,3SK BOX 택배박스 업계를 리드하는 기업,545759,13019,http://item.gmarket.co.kr/Item?goodscode=161267854
홈데코 · 문구 · 취미 · 반려,문구,문구/사무용품,택배박스,100%직접생산/ 박스포유 택배박스,1072575,14107,http://item.gmarket.co.kr/Item?goodscode=153279336
홈데코 · 문구 · 취미 · 반려,문구,문구/사무용품,택배박스,명진박스 20+1행사 택배박스 무지박스 박스,85976,4269,http://item.gmarket.co.kr/Item?goodscode=668196044
홈데코 · 문구 · 취미 · 반려,문구,문구/사무용품,택배박스,박스몰 튼튼하고 다양한 사이즈 택배박스 무료배송,19681,1925,http://item.gmarket.co.kr/Item?goodscode=1540197683
홈데코 · 문구 · 취미 · 반려,문구,문구/사무용품,택배박스,이벤트진행 15+1(테이프) (대량)마운틴 택배박스,16657,1551,http://item.gmarket.co.kr/Item?goodscode=778900314
홈데코 · 문구 · 취미 · 반려,문구,문구/사무용품,택배박스,튼튼한 택배박스 자체생산/박스 포장박스 BOX,143175,2718,http://item.gmarket.co.kr/Item?goodscode=104914497
홈데코 · 문구 · 취미 · 반려,문구,문구/사무용품,택배박스,초특가 할인판매 최고 강도의 택배박스 박스 포장박스,52682,980,http://item.gmarket.co.kr/Item?goodscode=163181232
홈데코 · 문구 · 취미 · 반려,문구,문구/사무용품,택배박스,택배박스싸게파는집 튼튼하고 싼 삼삼한 박스,24579,1383,http://item.gmarket.co.kr/Item?goodscode=290491906
홈데코 · 문구 · 취미 · 반려,문구,문구/사무용품,택배박스,박스킹 택배박스 박스 맞춤박스,51700,1231,http://item.gmarket.co.kr/Item?goodscode=285857697
홈데코 · 문구 · 취미 · 반려,문구,문구/사무용품,택배박스,비앤티박스 택배박스/착한가격/당일퀵배송/최고품질/,124013,1167,http://item.gmarket.co.kr/Item?goodscode=293963256
홈데코 · 문구 · 취미 · 반려,문구,문구/사무용품,택배박스,무료배송특가 아이스박스/아이스팩/스티로폼박스,15704,829,http://item.gmarket.co.kr/Item?goodscode=274091633
홈데코 · 문구 · 취미 · 반려,문구,문구/사무용품,택배박스,박스킹 박스 택배박스 로고박스 맞춤박스,117923,1150,http://item.gmarket.co.kr/Item?goodscode=278991416
홈데코 · 문구 · 취미 · 반려,문구,문구/사무용품,택배박스,2000가지 택배박스 당일 초고속 발송 / 박스 포장박스,19308,374,http://item.gmarket.co.kr/Item?goodscode=630601703
홈데코 · 문구 · 취미 · 반려,문구,문구/사무용품,택배박스,박스아울렛몰 색이진하고 튼튼한 KLB재질 택배박스,10308,924,http://item.gmarket.co.kr/Item?goodscode=875881156
홈데코 · 문구 · 취미 · 반려,문구,문구/사무용품,택배박스,스티로폼박스/김치 박스 /아이스박스/아이스팩,39676,254,http://item.gmarket.co.kr/Item?goodscode=168032874
홈데코 · 문구 · 취미 · 반려,문구,문구/사무용품,택배박스,초특가공장직영/택배박스/포장박스/박스테잎/당일발송,30828,275,http://item.gmarket.co.kr/Item?goodscode=282415244
홈데코 · 문구 · 취미 · 반려,문구,문구/사무용품,택배봉투,지퍼백/무료배송/pe지퍼백/비닐봉투/인쇄제작,32496,260,http://item.gmarket.co.kr/Item?goodscode=214419235
홈데코 · 문구 · 취미 · 반려,문구,문구/사무용품,택배봉투,택배봉투/폴리백/대형택배봉투/지퍼백,12478,654,http://item.gmarket.co.kr/Item?goodscode=2063103729
홈데코 · 문구 · 취미 · 반려,문구,문구/사무용품,택배봉투,안전봉투/택배봉투/비닐 PET 뽁뽁이 에어캡,14746,86,http://item.gmarket.co.kr/Item?goodscode=279304195
홈데코 · 문구 · 취미 · 반려,문구,문구/사무용품,테이프,박스테이프 포장 택배(경포장 80m미터 투명-50개),15566,1251,http://item.gmarket.co.kr/Item?goodscode=1340919091
홈데코 · 문구 · 취미 · 반려,문구,문구/사무용품,테이프,쓰리팩 무소음테이프 50m 쓰리팩 OPP 포장테이프,2109,50,http://item.gmarket.co.kr/Item?goodscode=1523097812
홈데코 · 문구 · 취미 · 반려,문구,문구/사무용품,테이프,무료배송 박스테이프 포장 테이프 80M 경포장 투명40개,63192,1264,http://item.gmarket.co.kr/Item?goodscode=634225421
홈데코 · 문구 · 취미 · 반려,문구,문구/사무용품,테이프,박스테이프 문구 이사 L1-경포장(40Mx50개)투명,144681,1469,http://item.gmarket.co.kr/Item?goodscode=208288450
홈데코 · 문구 · 취미 · 반려,문구,문구/사무용품,테이프,인쇄 로고 테이프 (신선식품 빨강 50m미터-50개),3128,150,http://item.gmarket.co.kr/Item?goodscode=1474576030
홈데코 · 문구 · 취미 · 반려,문구,문구/사무용품,테이프,박스테이프 포장 택배(경포장 40m미터 투명-50개),1741,151,http://item.gmarket.co.kr/Item?goodscode=1340935568
홈데코 · 문구 · 취미 · 반려,문구,문구/사무용품,테이프,박스테이프 포장 택배(중포장 50m미터 투명-50개),5947,306,http://item.gmarket.co.kr/Item?goodscode=1341052420
홈데코 · 문구 · 취미 · 반려,문구,문구/사무용품,테이프,엑소 박스테이프 투명 40M 12개,1194,465,http://item.gmarket.co.kr/Item?goodscode=1808738901
홈데코 · 문구 · 취미 · 반려,문구,문구/사무용품,테이프,박스테이프 포장 택배(경포장 80m미터 황색-50개),1938,186,http://item.gmarket.co.kr/Item?goodscode=1340929894
홈데코 · 문구 · 취미 · 반려,문구,문구/사무용품,테이프,박스테이프 포장 택배(중포장 80m미터 투명-50개),3460,275,http://item.gmarket.co.kr/Item?goodscode=1340971770
홈데코 · 문구 · 취미 · 반려,문구,문구/사무용품,테이프,박스테이프 더블경포장(80Mx50개)L50 투명 택배 포장,1144,137,http://item.gmarket.co.kr/Item?goodscode=1949664532
홈데코 · 문구 · 취미 · 반려,문구,문구/사무용품,테이프,박스테이프 포장 택배(경포장 80m미터 투명-40개),2576,255,http://item.gmarket.co.kr/Item?goodscode=1340888013
홈데코 · 문구 · 취미 · 반려,문구,문구/사무용품,스트래치필름,홍보용 스트레치필름 공업용랩 포장 산업 정품4롤정량,18222,1228,http://item.gmarket.co.kr/Item?goodscode=790578148
홈데코 · 문구 · 취미 · 반려,문구,문구/사무용품,크레용/크레파스,파버카스텔 색연필 36/48/60색 카카오프렌즈 컬러링북,32833,385,http://item.gmarket.co.kr/Item?goodscode=680029511
홈데코 · 문구 · 취미 · 반려,문구,문구/사무용품,디자인마카,60색 디자인 마카펜 마카세트 트윈 미술 드로잉펜,26259,2404,http://item.gmarket.co.kr/Item?goodscode=1558516864
홈데코 · 문구 · 취미 · 반려,문구,문구/사무용품,디자인마카,80색 디자인 마카펜 마카세트 트윈 미술 드로잉펜,16311,1690,http://item.gmarket.co.kr/Item?goodscode=1558540830
홈데코 · 문구 · 취미 · 반려,문구,문구/사무용품,디자인마카,168색 디자인 마카펜 마카세트 트윈 미술 드로잉펜,1638,348,http://item.gmarket.co.kr/Item?goodscode=1565272476
홈데코 · 문구 · 취미 · 반려,문구,문구/사무용품,색연필,파버카스텔 수채 색연필 60색 수채화 전문가용 학용품,6639,1130,http://item.gmarket.co.kr/Item?goodscode=1644566107
홈데코 · 문구 · 취미 · 반려,문구,문구/사무용품,색연필,파스넷 글라스펀 1+1행사 무료배송 / 파스넷색연필,4359,6,http://item.gmarket.co.kr/Item?goodscode=503193008
홈데코 · 문구 · 취미 · 반려,문구,문구/사무용품,동양화/서예용품,쿠레타케 붓펜 검정색(DM150-22B) 22호 당일발송,10319,65,http://item.gmarket.co.kr/Item?goodscode=1277640392
홈데코 · 문구 · 취미 · 반려,문구,문구/사무용품,기타동양화/서예용품,쿠레타케 붓펜 검정색(DM150-22B) 22호 당일발송,10319,65,http://item.gmarket.co.kr/Item?goodscode=1277640392
홈데코 · 문구 · 취미 · 반려,문구,문구/사무용품,물감/포스터칼라,플레이 전문가용 아크릴물감 500ml 대용량 튜브형,14227,451,http://item.gmarket.co.kr/Item?goodscode=1456488683
홈데코 · 문구 · 취미 · 반려,문구,문구/사무용품,유화물감,비비드 아크릴물감 대용량 220ml 낱색/미술학원,1837,80,http://item.gmarket.co.kr/Item?goodscode=1889253284
홈데코 · 문구 · 취미 · 반려,문구,문구/사무용품,아크릴물감,플레이 전문가용 아크릴물감 500ml 대용량 튜브형,14227,451,http://item.gmarket.co.kr/Item?goodscode=1456488683
홈데코 · 문구 · 취미 · 반려,문구,문구/사무용품,동양화물감,신한 전문가용 한국화물감 20ml 낱색,3010,98,http://item.gmarket.co.kr/Item?goodscode=1552775238
홈데코 · 문구 · 취미 · 반려,문구,문구/사무용품,포스터칼라,종이나라 대용량 수채화물감 220ml 컬러뱅크 비비드,1056,32,http://item.gmarket.co.kr/Item?goodscode=1668580998
홈데코 · 문구 · 취미 · 반려,문구,문구/사무용품,기타물감/포스터칼라,쉴드 250ml 12색세트 / 수채화물감 아크릴물감 선택,1553,30,http://item.gmarket.co.kr/Item?goodscode=841862014
홈데코 · 문구 · 취미 · 반려,문구,문구/사무용품,화방지류,스케치북 도화지 130g 8절 125매 x2개(총250매),5202,1931,http://item.gmarket.co.kr/Item?goodscode=2030187373
홈데코 · 문구 · 취미 · 반려,문구,문구/사무용품,화방지류,원단우드락 5mm 1박스-(30장)60x90cm /크기별선택,7383,103,http://item.gmarket.co.kr/Item?goodscode=186623280
홈데코 · 문구 · 취미 · 반려,문구,문구/사무용품,화방지류,도화지 180g(백색) 8절(250매)/켄트지/2절~16절/수채화,14665,110,http://item.gmarket.co.kr/Item?goodscode=539323998
홈데코 · 문구 · 취미 · 반려,문구,문구/사무용품,화방지류,종이문화 디지털 OA지 A5/a4/a3/4절/8절혼합컬러10색,1286,13,http://item.gmarket.co.kr/Item?goodscode=823587702
홈데코 · 문구 · 취미 · 반려,문구,문구/사무용품,화방지류,칼라우드락  60x90cm(5mm)-(5장)/우드락/원단보드,11374,54,http://item.gmarket.co.kr/Item?goodscode=176941304
홈데코 · 문구 · 취미 · 반려,문구,문구/사무용품,공예용지,고무나라 (정 1KG) 고무밴드/고무줄/노랑 노란고무줄,70136,521,http://item.gmarket.co.kr/Item?goodscode=312347102
홈데코 · 문구 · 취미 · 반려,문구,문구/사무용품,공예용지,두꺼운 부직포 원단 1마,2021,79,http://item.gmarket.co.kr/Item?goodscode=1748897508
홈데코 · 문구 · 취미 · 반려,문구,문구/사무용품,공예용지,인의예지 우리한지/색한지/색운용지/디자인/포장한지,2581,13,http://item.gmarket.co.kr/Item?goodscode=1643508137
홈데코 · 문구 · 취미 · 반려,문구,문구/사무용품,공예용지,4절 시트지(10매) 28색상 접착시트지/단색시트지,3707,39,http://item.gmarket.co.kr/Item?goodscode=195032608
홈데코 · 문구 · 취미 · 반려,문구,문구/사무용품,도화지,스케치북 도화지 130g 8절 125매 x2개(총250매),5202,1931,http://item.gmarket.co.kr/Item?goodscode=2030187373
홈데코 · 문구 · 취미 · 반려,문구,문구/사무용품,도화지,도화지 180g(백색) 8절(250매)/켄트지/2절~16절/수채화,14665,110,http://item.gmarket.co.kr/Item?goodscode=539323998
홈데코 · 문구 · 취미 · 반려,문구,문구/사무용품,우드락/폼보드/하드보드지,원단우드락 5mm 1박스-(30장)60x90cm /크기별선택,7383,103,http://item.gmarket.co.kr/Item?goodscode=186623280
홈데코 · 문구 · 취미 · 반려,문구,문구/사무용품,우드락/폼보드/하드보드지,칼라우드락  60x90cm(5mm)-(5장)/우드락/원단보드,11374,54,http://item.gmarket.co.kr/Item?goodscode=176941304
홈데코 · 문구 · 취미 · 반려,문구,문구/사무용품,우드락/폼보드/하드보드지,도화지 켄트지 8절 180g 500매 백색,1375,56,http://item.gmarket.co.kr/Item?goodscode=1761559100
홈데코 · 문구 · 취미 · 반려,문구,문구/사무용품,팜플렛/판촉물/전단지,정품지포/무료각인/사은품/라이터/생일선물/선물/군인,6458,369,http://item.gmarket.co.kr/Item?goodscode=231155466
홈데코 · 문구 · 취미 · 반려,문구,문구/사무용품,명판,칭찬스탬프/스승의날선물/참잘했어요/칭찬도장/캐릭터,4378,123,http://item.gmarket.co.kr/Item?goodscode=458003503
홈데코 · 문구 · 취미 · 반려,문구,문구/사무용품,명판,사업자명판.개인.회사.직인.자동스탬프.고무도장,7807,453,http://item.gmarket.co.kr/Item?goodscode=644006131
홈데코 · 문구 · 취미 · 반려,문구,문구/사무용품,명판,제작전문/고무인/사업자명판/자동스탬프/접수발송인,3727,93,http://item.gmarket.co.kr/Item?goodscode=434529747
홈데코 · 문구 · 취미 · 반려,문구,문구/사무용품,명판,만년결재인.결제도장제작.개인.회사.은행.선거,1263,152,http://item.gmarket.co.kr/Item?goodscode=664190080
홈데코 · 문구 · 취미 · 반려,문구,문구/사무용품,명함,명함 스티커 전단지 자석전단 제작 모두 디자인 무료,147544,501,http://item.gmarket.co.kr/Item?goodscode=740830068
홈데코 · 문구 · 취미 · 반려,문구,문구/사무용품,명함,초특가 명함/스티커/전단/봉투 인쇄의 모든 것 명함,23545,306,http://item.gmarket.co.kr/Item?goodscode=1557106750
홈데코 · 문구 · 취미 · 반려,문구,문구/사무용품,필기용품,하이샤파 연필깎이 KI-200 기차모양 레트로감성,21499,3475,http://item.gmarket.co.kr/Item?goodscode=1645866108
홈데코 · 문구 · 취미 · 반려,문구,문구/사무용품,필기용품,80색 디자인 트윈 마카펜 세트 미술 마커 펜홀드 포함,6122,1389,http://item.gmarket.co.kr/Item?goodscode=1767546710
홈데코 · 문구 · 취미 · 반려,문구,문구/사무용품,필기용품,Lamy 라미 사파리 샤프/정품/ 펜슬/연필/졸업선물,2448,289,http://item.gmarket.co.kr/Item?goodscode=789330906
홈데코 · 문구 · 취미 · 반려,문구,문구/사무용품,필기용품,사무용품총모음전/사무/문구/오피스용품,14859,472,http://item.gmarket.co.kr/Item?goodscode=1269926272
홈데코 · 문구 · 취미 · 반려,문구,문구/사무용품,필기용품,제트스트림 SXN-150 0.5mm/0.7mm 사무용품 볼펜 펜,1289,455,http://item.gmarket.co.kr/Item?goodscode=2167526538
홈데코 · 문구 · 취미 · 반려,문구,문구/사무용품,필기용품,터치 미술 드로잉 디자인 마카펜 80색 +사은품 증정,1495,140,http://item.gmarket.co.kr/Item?goodscode=1953215192
홈데코 · 문구 · 취미 · 반려,문구,문구/사무용품,필기용품,오피스네오/사무용품 총모음/문구용품/오피스용품/,141062,529,http://item.gmarket.co.kr/Item?goodscode=648210725
홈데코 · 문구 · 취미 · 반려,문구,문구/사무용품,필기용품,바르네 1158 수정테이프 1갑(20개입) 화이트 지우개,10160,206,http://item.gmarket.co.kr/Item?goodscode=435828383
홈데코 · 문구 · 취미 · 반려,문구,문구/사무용품,필기용품,유니볼 시그노 DX UM-151 중성펜 48색 신칼라,2274,130,http://item.gmarket.co.kr/Item?goodscode=946129297
홈데코 · 문구 · 취미 · 반려,문구,문구/사무용품,지우개/수정용품,바르네 1158 수정테이프 1갑(20개입) 화이트 지우개,10160,206,http://item.gmarket.co.kr/Item?goodscode=435828383
홈데코 · 문구 · 취미 · 반려,문구,문구/사무용품,연필깎이,하이샤파 연필깎이 KI-200 기차모양 레트로감성,21499,3475,http://item.gmarket.co.kr/Item?goodscode=1645866108
홈데코 · 문구 · 취미 · 반려,문구,문구/사무용품,연필,OPEN_대출증커버(100개)  _오픈마켓용/포스비브테크,1242,13,http://item.gmarket.co.kr/Item?goodscode=1759994820
홈데코 · 문구 · 취미 · 반려,문구,문구/사무용품,연필교정기/홀더,연필교정기 유아 어린이 글씨교정 악필교정 그립 4P,2869,276,http://item.gmarket.co.kr/Item?goodscode=1729180175
홈데코 · 문구 · 취미 · 반려,문구,문구/사무용품,문구세트,사무용품총모음전/사무/문구/오피스용품,14859,472,http://item.gmarket.co.kr/Item?goodscode=1269926272
홈데코 · 문구 · 취미 · 반려,문구,문구/사무용품,만년필,Lamy 라미 사파리 샤프/정품/ 펜슬/연필/졸업선물,2448,289,http://item.gmarket.co.kr/Item?goodscode=789330906
홈데코 · 문구 · 취미 · 반려,문구,문구/사무용품,만년필,정품 파스텔만년필 레드클립 블루마카롱 민트글레이즈,2028,28,http://item.gmarket.co.kr/Item?goodscode=445451898
홈데코 · 문구 · 취미 · 반려,문구,문구/사무용품,매직,80색 디자인 트윈 마카펜 세트 미술 마커 펜홀드 포함,6122,1389,http://item.gmarket.co.kr/Item?goodscode=1767546710
홈데코 · 문구 · 취미 · 반려,문구,문구/사무용품,매직,터치 미술 드로잉 디자인 마카펜 80색 +사은품 증정,1495,140,http://item.gmarket.co.kr/Item?goodscode=1953215192
홈데코 · 문구 · 취미 · 반려,문구,문구/사무용품,볼펜,제트스트림 SXN-150 0.5mm/0.7mm 사무용품 볼펜 펜,1289,455,http://item.gmarket.co.kr/Item?goodscode=2167526538
홈데코 · 문구 · 취미 · 반려,문구,문구/사무용품,볼펜,오피스네오/사무용품 총모음/문구용품/오피스용품/,141062,529,http://item.gmarket.co.kr/Item?goodscode=648210725
홈데코 · 문구 · 취미 · 반려,문구,문구/사무용품,젤잉크펜,유니볼 시그노 DX UM-151 중성펜 48색 신칼라,2274,130,http://item.gmarket.co.kr/Item?goodscode=946129297
홈데코 · 문구 · 취미 · 반려,문구,문구/사무용품,젤잉크펜,동아 파인테크 중성펜 0.25/0.3/0.4/0.5/0.7 볼펜,69066,461,http://item.gmarket.co.kr/Item?goodscode=399609066
홈데코 · 문구 · 취미 · 반려,문구,문구/사무용품,젤잉크펜,유니볼 시그노/유니/Uni/중성펜/겔 잉크볼펜/펜/볼펜,2992,46,http://item.gmarket.co.kr/Item?goodscode=689034830
홈데코 · 문구 · 취미 · 반려,문구,문구/사무용품,네임펜/사인펜,모나미 네임펜F 중간글씨용 12개입 유성 필기,8778,262,http://item.gmarket.co.kr/Item?goodscode=636159518
홈데코 · 문구 · 취미 · 반려,문구,문구/사무용품,접착식메모지,모양포스트잇모음/모양노트/모양스티키노트/포스트잇,36989,193,http://item.gmarket.co.kr/Item?goodscode=1678006037
홈데코 · 문구 · 취미 · 반려,문구,문구/사무용품,접착식메모지,오피스네오/포스트잇 모음/플래그/접착식메모지/3M,46730,541,http://item.gmarket.co.kr/Item?goodscode=829891575
홈데코 · 문구 · 취미 · 반려,문구,문구/사무용품,접착식메모지,3M포스트잇 노트/플래그/모양/인덱스,20734,320,http://item.gmarket.co.kr/Item?goodscode=1701653893
홈데코 · 문구 · 취미 · 반려,문구,문구/사무용품,접착식메모지,대용량팩 알뜰팩 40~50% 플래그 654 656 노트 테이프,13364,140,http://item.gmarket.co.kr/Item?goodscode=751078714
홈데코 · 문구 · 취미 · 반려,문구,문구/사무용품,접착식메모지,3M 포스트잇 스카치 테이프 대용량 디스펜서 오피스팩,1630,66,http://item.gmarket.co.kr/Item?goodscode=185785779
홈데코 · 문구 · 취미 · 반려,문구,문구/사무용품,접착식메모지,3M 포스트잇 테이블탑 이젤패드 563R,1490,9,http://item.gmarket.co.kr/Item?goodscode=1631132619
홈데코 · 문구 · 취미 · 반려,문구,문구/사무용품,메모지,포스트잇 이젤패드 563 테이블탑 수업교구 회의 미팅,4536,17,http://item.gmarket.co.kr/Item?goodscode=1523700241
홈데코 · 문구 · 취미 · 반려,문구,문구/사무용품,메모지,포스트잇 이젤패드 566 월패드 미팅 프레젠테이션 회의,1082,11,http://item.gmarket.co.kr/Item?goodscode=1523692433
홈데코 · 문구 · 취미 · 반려,문구,문구/사무용품,메모지,포스트잇 이젤패드 563 2in1 메모패드 화이트보드,1177,9,http://item.gmarket.co.kr/Item?goodscode=1523698269
홈데코 · 문구 · 취미 · 반려,문구,문구/사무용품,노트,선생님들 원픽 문구선물 학용품 종류별로 골라담기,53077,607,http://item.gmarket.co.kr/Item?goodscode=1752384574
홈데코 · 문구 · 취미 · 반려,문구,문구/사무용품,노트,카카오프렌즈 공책8권+스프링 2권/노트/연습장/신학기,29788,847,http://item.gmarket.co.kr/Item?goodscode=900205533
홈데코 · 문구 · 취미 · 반려,문구,문구/사무용품,노트,카카오프렌즈 노트/볼펜 알찬 모음전,4403,908,http://item.gmarket.co.kr/Item?goodscode=2123361579
홈데코 · 문구 · 취미 · 반려,문구,문구/사무용품,사무용지,엑소(EXXO) A4 복사용지(A4용지) 75g 2BOX(5000매),25480,3203,http://item.gmarket.co.kr/Item?goodscode=1927664773
홈데코 · 문구 · 취미 · 반려,문구,문구/사무용품,사무용지,삼성 그린 A4용지 75g 2500매 2박스(5000매) 복사용지,6709,992,http://item.gmarket.co.kr/Item?goodscode=1942098159
홈데코 · 문구 · 취미 · 반려,문구,문구/사무용품,사무용지,더블에이 A4 복사용지  80g 4000매 2BOX/A4용지,135218,3578,http://item.gmarket.co.kr/Item?goodscode=772056310
홈데코 · 문구 · 취미 · 반려,문구,문구/사무용품,사무용지,HP A4 복사용지(A4용지) 80g 2500매 2BOX (5000매),163131,6779,http://item.gmarket.co.kr/Item?goodscode=782096663
홈데코 · 문구 · 취미 · 반려,문구,문구/사무용품,사무용지,밀크 A4 복사용지 A4용지 80g 5000매(2박스),7225,468,http://item.gmarket.co.kr/Item?goodscode=1915451835
홈데코 · 문구 · 취미 · 반려,문구,문구/사무용품,전산용지/팩스용지,한솔 정품 포스용지 감열지 79X70 24롤 무지  검정인쇄,1252,103,http://item.gmarket.co.kr/Item?goodscode=951915178
홈데코 · 문구 · 취미 · 반려,문구,문구/사무용품,전산용지/팩스용지,삼원 플라잉칼라 A4 모음(80g/120g/160g)모음,13818,94,http://item.gmarket.co.kr/Item?goodscode=842325601
홈데코 · 문구 · 취미 · 반려,문구,문구/사무용품,양식/서식지,이지폼 거래명세서 1000매 한박스 200매 5묶음,1978,67,http://item.gmarket.co.kr/Item?goodscode=200977441
홈데코 · 문구 · 취미 · 반려,문구,문구/사무용품,양식/서식지,오엠알카드/답안지/초중고 연습용 OMR 카드 (200매),1731,15,http://item.gmarket.co.kr/Item?goodscode=681872098
홈데코 · 문구 · 취미 · 반려,문구,문구/사무용품,코팅지,그린팬시 ohp필름 100매 일반 복사기용 필름 무료배송,1423,20,http://item.gmarket.co.kr/Item?goodscode=1476781794
홈데코 · 문구 · 취미 · 반려,문구,문구/사무용품,코팅지,한솔 코팅필름 A4(100매) 기계코팅지 무료배송,6979,173,http://item.gmarket.co.kr/Item?goodscode=1476761698
홈데코 · 문구 · 취미 · 반려,문구,문구/사무용품,복사용지,엑소(EXXO) A4 복사용지(A4용지) 75g 2BOX(5000매),25480,3203,http://item.gmarket.co.kr/Item?goodscode=1927664773
홈데코 · 문구 · 취미 · 반려,문구,문구/사무용품,복사용지,삼성 그린 A4용지 75g 2500매 2박스(5000매) 복사용지,6709,992,http://item.gmarket.co.kr/Item?goodscode=1942098159
홈데코 · 문구 · 취미 · 반려,문구,문구/사무용품,복사용지,더블에이 A4 복사용지  80g 4000매 2BOX/A4용지,135219,3578,http://item.gmarket.co.kr/Item?goodscode=772056310
홈데코 · 문구 · 취미 · 반려,문구,문구/사무용품,복사용지,HP A4 복사용지(A4용지) 80g 2500매 2BOX (5000매),163131,6779,http://item.gmarket.co.kr/Item?goodscode=782096663
홈데코 · 문구 · 취미 · 반려,문구,문구/사무용품,복사용지,밀크 A4 복사용지 A4용지 80g 5000매(2박스),7225,468,http://item.gmarket.co.kr/Item?goodscode=1915451835
홈데코 · 문구 · 취미 · 반려,문구,문구/사무용품,기타사무용지,포스용지 감열지 79x70 50롤 약관,4371,304,http://item.gmarket.co.kr/Item?goodscode=1779418846
홈데코 · 문구 · 취미 · 반려,문구,문구/사무용품,기타사무용지,오뚜기 컵밥 25종 모음 골라담기 20%증량 간편식,3995,439,http://item.gmarket.co.kr/Item?goodscode=2205114245
홈데코 · 문구 · 취미 · 반려,문구,문구/사무용품,과학준비물,B 둥근캡슐 대량구매 추첨볼 뽑기통 투명캡슐 빈캡슐,5032,29,http://item.gmarket.co.kr/Item?goodscode=402420019
홈데코 · 문구 · 취미 · 반려,문구,문구/사무용품,기타오피스용품,(1+1) 인기과자500종 몽쉘 오예스 에이스 빅파이,46746,1788,http://item.gmarket.co.kr/Item?goodscode=2042228355
홈데코 · 문구 · 취미 · 반려,문구,문구/사무용품,테이프/디스펜서,스카치 다용도테이프550 리필 18mm X 30m 12개입(11+1),3776,299,http://item.gmarket.co.kr/Item?goodscode=1514041333
홈데코 · 문구 · 취미 · 반려,문구,문구/사무용품,테이프/디스펜서,스카치 테이프 원터치 디스펜서 (블루)+ 리필 2롤 증정,24950,4400,http://item.gmarket.co.kr/Item?goodscode=1493501777
홈데코 · 문구 · 취미 · 반려,문구,문구/사무용품,테이프/디스펜서,10미터 2개 초강력 실리콘 양면 테이프(2mm x 3cm 5M),1638,445,http://item.gmarket.co.kr/Item?goodscode=2032301620
홈데코 · 문구 · 취미 · 반려,문구,문구/사무용품,클립/자석/핀,블독 클립 S,5400,0,http://item.gmarket.co.kr/Item?goodscode=2063455011
홈데코 · 문구 · 취미 · 반려,문구,문구/사무용품,파일/바인더,벌크 클리어홀더 투명 L홀더 500장 1박스 간지화일A4,12537,193,http://item.gmarket.co.kr/Item?goodscode=641930124
홈데코 · 문구 · 취미 · 반려,문구,문구/사무용품,파일/바인더,미령문구 특가 L자홀더  500장입 1박스 L화일당일발송,179210,119,http://item.gmarket.co.kr/Item?goodscode=130290368
홈데코 · 문구 · 취미 · 반려,문구,문구/사무용품,파일/바인더,오피스네오/화일바인더 모음/클리어화일/정부화일,88597,521,http://item.gmarket.co.kr/Item?goodscode=563518356
홈데코 · 문구 · 취미 · 반려,문구,문구/사무용품,파일/바인더,카카오프렌즈 L홀더 (1팩/10매입) 문구용품 포켓화일,10165,143,http://item.gmarket.co.kr/Item?goodscode=1706234955
홈데코 · 문구 · 취미 · 반려,문구,문구/사무용품,파일/바인더,OEM A4 정부화일 종이화일 10매 책철 서류정리,53054,999,http://item.gmarket.co.kr/Item?goodscode=1398469755
홈데코 · 문구 · 취미 · 반려,문구,문구/사무용품,파일/바인더,카카오프렌즈 KF L홀더 파일 포켓화일,12343,47,http://item.gmarket.co.kr/Item?goodscode=2106673613
홈데코 · 문구 · 취미 · 반려,문구,문구/사무용품,파일/바인더,L홀더 100장 특가 투명홀더 L자파일 무료배송당일발송,16918,140,http://item.gmarket.co.kr/Item?goodscode=169390473
홈데코 · 문구 · 취미 · 반려,문구,문구/사무용품,파일/바인더,L홀더 100장 투명화일 L홀더 A4 100매 홀더,7372,87,http://item.gmarket.co.kr/Item?goodscode=340913952
홈데코 · 문구 · 취미 · 반려,문구,문구/사무용품,파일,벌크 클리어홀더 투명 L홀더 500장 1박스 간지화일A4,12537,193,http://item.gmarket.co.kr/Item?goodscode=641930124
홈데코 · 문구 · 취미 · 반려,문구,문구/사무용품,파일,미령문구 특가 L자홀더  500장입 1박스 L화일당일발송,179210,119,http://item.gmarket.co.kr/Item?goodscode=130290368
홈데코 · 문구 · 취미 · 반려,문구,문구/사무용품,파일,오피스네오/화일바인더 모음/클리어화일/정부화일,88597,521,http://item.gmarket.co.kr/Item?goodscode=563518356
홈데코 · 문구 · 취미 · 반려,문구,문구/사무용품,파일,카카오프렌즈 L홀더 (1팩/10매입) 문구용품 포켓화일,10165,143,http://item.gmarket.co.kr/Item?goodscode=1706234955
홈데코 · 문구 · 취미 · 반려,문구,문구/사무용품,파일,OEM A4 정부화일 종이화일 10매 책철 서류정리,53054,999,http://item.gmarket.co.kr/Item?goodscode=1398469755
홈데코 · 문구 · 취미 · 반려,문구,문구/사무용품,파일,카카오프렌즈 KF L홀더 파일 포켓화일,12343,47,http://item.gmarket.co.kr/Item?goodscode=2106673613
홈데코 · 문구 · 취미 · 반려,문구,문구/사무용품,파일,L홀더 100장 특가 투명홀더 L자파일 무료배송당일발송,16918,140,http://item.gmarket.co.kr/Item?goodscode=169390473
홈데코 · 문구 · 취미 · 반려,문구,문구/사무용품,파일,L홀더 100장 투명화일 L홀더 A4 100매 홀더,7372,87,http://item.gmarket.co.kr/Item?goodscode=340913952
홈데코 · 문구 · 취미 · 반려,문구,문구/사무용품,파일,무배 반투명 둥근 쫄대화일 100개입 레일 홀더 파일,1016,72,http://item.gmarket.co.kr/Item?goodscode=1592770383
홈데코 · 문구 · 취미 · 반려,문구,문구/사무용품,파일,클리어(L자화일)투명화일 1000개1박스(벌크),1747,99,http://item.gmarket.co.kr/Item?goodscode=626130584
홈데코 · 문구 · 취미 · 반려,문구,문구/사무용품,파일,L홀더(L자화일) 투명화일 500개 1박스(벌크),1837,60,http://item.gmarket.co.kr/Item?goodscode=634010302
홈데코 · 문구 · 취미 · 반려,문구,문구/사무용품,파일,오피스존 A4 클리어화일 L홀더 10매 투명 칼라 파일,538678,205,http://item.gmarket.co.kr/Item?goodscode=133481906
홈데코 · 문구 · 취미 · 반려,문구,문구/사무용품,파일,사무용품 정부 화일 파일 쫄대 바인더 클리어 홀더 A4,112979,783,http://item.gmarket.co.kr/Item?goodscode=133589343
홈데코 · 문구 · 취미 · 반려,문구,문구/사무용품,클립보드/결제판,오피스존 PP A4 불투명 칼라 클립보드 아크릴 결재판,8085,49,http://item.gmarket.co.kr/Item?goodscode=278982485
홈데코 · 문구 · 취미 · 반려,문구,문구/사무용품,독서대,북스테이션 독서대 특허받은 신개념 패드형 책받침대,3704,418,http://item.gmarket.co.kr/Item?goodscode=1770186581
홈데코 · 문구 · 취미 · 반려,문구,문구/사무용품,독서대,국산 2단 독서대 각도조절 책받침대 와이드 40Cm,1962,477,http://item.gmarket.co.kr/Item?goodscode=1468167563
홈데코 · 문구 · 취미 · 반려,문구,문구/사무용품,독서대,카카오프렌즈 1단 독서대 가로35x세로23cm,1108,210,http://item.gmarket.co.kr/Item?goodscode=2084909830
홈데코 · 문구 · 취미 · 반려,문구,문구/사무용품,독서대,독서대 책 받침대 걸이 패드 테블릿 거치대 단체 선물,39693,1289,http://item.gmarket.co.kr/Item?goodscode=222284700
홈데코 · 문구 · 취미 · 반려,문구,문구/사무용품,데스크정리함,붙여서랍 부착식 슬라이딩 수납 데스크 정리함 1+1,2317,947,http://item.gmarket.co.kr/Item?goodscode=1880075055
홈데코 · 문구 · 취미 · 반려,문구,문구/사무용품,책갈피/북마크,3D 입체 동물 캐릭터 책갈피 북마크-학생 독서 선물,1841,15,http://item.gmarket.co.kr/Item?goodscode=2152659656
홈데코 · 문구 · 취미 · 반려,문구,문구/사무용품,책갈피/북마크,골드책갈피 북마크 외국인선물 한국기념품 단체선물,10170,164,http://item.gmarket.co.kr/Item?goodscode=1455204952
홈데코 · 문구 · 취미 · 반려,문구,문구/사무용품,저금통,캐릭터 지문 금고 지폐 저금통 디지털 쥐돌이 ATM,3492,1490,http://item.gmarket.co.kr/Item?goodscode=1740266517
홈데코 · 문구 · 취미 · 반려,문구,문구/사무용품,서류정리함,오피스존 카파 서류함 서류보관함 화일 정리함 수납함,13549,171,http://item.gmarket.co.kr/Item?goodscode=539485218
홈데코 · 문구 · 취미 · 반려,문구,문구/사무용품,팜플렛/판촉물/전단지,정품지포/무료각인/사은품/라이터/생일선물/선물/군인,6458,369,http://item.gmarket.co.kr/Item?goodscode=231155466
홈데코 · 문구 · 취미 · 반려,문구,문구/사무용품,명함,초특가 명함/스티커/전단/봉투 인쇄의 모든 것 명함,23559,306,http://item.gmarket.co.kr/Item?goodscode=1557106750
홈데코 · 문구 · 취미 · 반려,문구,문구/사무용품,명함,명함 스티커 전단지 자석전단 제작 모두 디자인 무료,147544,501,http://item.gmarket.co.kr/Item?goodscode=740830068
홈데코 · 문구 · 취미 · 반려,문구,문구/사무용품,다이어리,카카오프렌즈 A+ 세트 문구 학용품 단체 공책 노트 D1,6769,94,http://item.gmarket.co.kr/Item?goodscode=1508993082
홈데코 · 문구 · 취미 · 반려,문구,문구/사무용품,다이어리,유즈어리25A 다이어리 양지다이어리 2022년 신제품,10702,152,http://item.gmarket.co.kr/Item?goodscode=316786905
홈데코 · 문구 · 취미 · 반려,문구,문구/사무용품,캘린더/달력,데스크 스케쥴러 달력 캘린더 플래너 2022년 탁상형C1,17986,326,http://item.gmarket.co.kr/Item?goodscode=179524470
홈데코 · 문구 · 취미 · 반려,문구,문구/사무용품,캘린더/달력,2022년 벽걸이달력 대형 숫자판달력 100g,2355,252,http://item.gmarket.co.kr/Item?goodscode=1710323030
홈데코 · 문구 · 취미 · 반려,문구,문구/사무용품,앨범,대용량 사진앨범 포켓식 4x6 포토앨범 300장,2944,434,http://item.gmarket.co.kr/Item?goodscode=1567140008
홈데코 · 문구 · 취미 · 반려,문구,문구/사무용품,앨범,플레인바인더 앨범 접착식 백지 포토 사진 흑지 포켓,34914,1825,http://item.gmarket.co.kr/Item?goodscode=206753176
홈데코 · 문구 · 취미 · 반려,문구,문구/사무용품,앨범,대용량 50매 앨범 사진앨범 포토앨범 접착 포켓,21425,1892,http://item.gmarket.co.kr/Item?goodscode=791736203
홈데코 · 문구 · 취미 · 반려,문구,문구/사무용품,앨범,대용량 가죽앨범 접착식 사진앨범 초음파 포토 앨범,3193,83,http://item.gmarket.co.kr/Item?goodscode=313437173
홈데코 · 문구 · 취미 · 반려,문구,문구/사무용품,앨범,라비에벨 볼트 대용량  접착앨범 50매,4281,690,http://item.gmarket.co.kr/Item?goodscode=963799960
홈데코 · 문구 · 취미 · 반려,문구,문구/사무용품,포토앨범,대용량 사진앨범 포켓식 4x6 포토앨범 300장,2944,434,http://item.gmarket.co.kr/Item?goodscode=1567140008
홈데코 · 문구 · 취미 · 반려,문구,문구/사무용품,포토앨범,플레인바인더 앨범 접착식 백지 포토 사진 흑지 포켓,34914,1825,http://item.gmarket.co.kr/Item?goodscode=206753176
홈데코 · 문구 · 취미 · 반려,문구,문구/사무용품,포토앨범,대용량 50매 앨범 사진앨범 포토앨범 접착 포켓,21425,1892,http://item.gmarket.co.kr/Item?goodscode=791736203
홈데코 · 문구 · 취미 · 반려,문구,문구/사무용품,포토앨범,대용량 가죽앨범 접착식 사진앨범 초음파 포토 앨범,3193,83,http://item.gmarket.co.kr/Item?goodscode=313437173
홈데코 · 문구 · 취미 · 반려,문구,문구/사무용품,포토앨범,라비에벨 볼트 대용량  접착앨범 50매,4281,690,http://item.gmarket.co.kr/Item?goodscode=963799960
홈데코 · 문구 · 취미 · 반려,문구,문구/사무용품,미니/폴라로이드앨범,탑로더 투명탑로더 포카 포토카드 낱개 투명카드,5440,28,http://item.gmarket.co.kr/Item?goodscode=2241333179
홈데코 · 문구 · 취미 · 반려,문구,문구/사무용품,미니/폴라로이드앨범,포토카드 슬리브  탑로더 탑꾸 투명 슬리브,23029,187,http://item.gmarket.co.kr/Item?goodscode=2153633856
홈데코 · 문구 · 취미 · 반려,문구,문구/사무용품,미니/폴라로이드앨범,탑로더 투명탑로더 포카 포토카드 보드게임,11945,59,http://item.gmarket.co.kr/Item?goodscode=2207672457
홈데코 · 문구 · 취미 · 반려,문구,문구/사무용품,스크랩북,스크랩북 5p 앨범,9689,8,http://item.gmarket.co.kr/Item?goodscode=2175590125
홈데코 · 문구 · 취미 · 반려,문구,문구/사무용품,스크랩북,스크랩북 10p 앨범,4566,5,http://item.gmarket.co.kr/Item?goodscode=2175590032
홈데코 · 문구 · 취미 · 반려,문구,문구/사무용품,도장/스탬프,마음을 담아서-수제도장/인감/아기/커플/졸업선물,1611,18,http://item.gmarket.co.kr/Item?goodscode=280924823
홈데코 · 문구 · 취미 · 반려,문구,문구/사무용품,도장/스탬프,날짜/칭찬스탬프/선생님/참잘했어요/스승의날선물,5869,115,http://item.gmarket.co.kr/Item?goodscode=430102190
홈데코 · 문구 · 취미 · 반려,문구,문구/사무용품,도장/스탬프,고무인닷컴 양면 만년결재인(네이비),1351,158,http://item.gmarket.co.kr/Item?goodscode=1847676869
홈데코 · 문구 · 취미 · 반려,문구,문구/사무용품,도장/스탬프,도장 만년스탬프 자동스탬프 고무인 제작,9425,234,http://item.gmarket.co.kr/Item?goodscode=286632506
홈데코 · 문구 · 취미 · 반려,문구,문구/사무용품,도장/스탬프,도장마트 만년 도장 만년인 결재 법인 직인 계인,3504,174,http://item.gmarket.co.kr/Item?goodscode=2057635684
홈데코 · 문구 · 취미 · 반려,문구,문구/사무용품,도장,마음을 담아서-수제도장/인감/아기/커플/졸업선물,1611,18,http://item.gmarket.co.kr/Item?goodscode=280924823
홈데코 · 문구 · 취미 · 반려,문구,문구/사무용품,도장,도장마트 만년 도장 만년인 결재 법인 직인 계인,3504,174,http://item.gmarket.co.kr/Item?goodscode=2057635684
홈데코 · 문구 · 취미 · 반려,문구,문구/사무용품,도장,캘리 네임스탬프 도장 낙관 이름 수제 쿠폰 음각 만년,1895,60,http://item.gmarket.co.kr/Item?goodscode=1237154824
홈데코 · 문구 · 취미 · 반려,문구,문구/사무용품,도장,도장마트 인감 도장 가옥 천환 5푼,13051,614,http://item.gmarket.co.kr/Item?goodscode=802797340
홈데코 · 문구 · 취미 · 반려,문구,문구/사무용품,도장,쿡스탬프 만년도장/스프링 큐빅장식/결재인/대표인,3095,28,http://item.gmarket.co.kr/Item?goodscode=177113496
홈데코 · 문구 · 취미 · 반려,문구,문구/사무용품,스탬프,날짜/칭찬스탬프/선생님/참잘했어요/스승의날선물,5869,115,http://item.gmarket.co.kr/Item?goodscode=430102190
홈데코 · 문구 · 취미 · 반려,문구,문구/사무용품,스탬프,고무인닷컴 양면 만년결재인(네이비),1351,158,http://item.gmarket.co.kr/Item?goodscode=1847676869
홈데코 · 문구 · 취미 · 반려,문구,문구/사무용품,스탬프,도장 만년스탬프 자동스탬프 고무인 제작,9425,234,http://item.gmarket.co.kr/Item?goodscode=286632506
홈데코 · 문구 · 취미 · 반려,문구,문구/사무용품,팬시용품,피규어 키링 3P SET 할로윈 키홀더 열쇠고리 악세사리,3488,878,http://item.gmarket.co.kr/Item?goodscode=2262188381
홈데코 · 문구 · 취미 · 반려,문구,문구/사무용품,기타팬시용품,피규어 키링 3P SET 할로윈 키홀더 열쇠고리 악세사리,3488,878,http://item.gmarket.co.kr/Item?goodscode=2262188381
홈데코 · 문구 · 취미 · 반려,문구,문구/사무용품,다이모,모텍스/MX-5500 가격표시기 라벨지 갑20롤 라벨테이프,1669,64,http://item.gmarket.co.kr/Item?goodscode=635043904
홈데코 · 문구 · 취미 · 반려,문구,문구/사무용품,스티커,고해상도 1+1 방수네임스티커/이름스티커,593574,11686,http://item.gmarket.co.kr/Item?goodscode=639473925
홈데코 · 문구 · 취미 · 반려,문구,문구/사무용품,스티커,카카오프렌즈 2021 신학기 구백 문구 세트  A형 학용품,4367,47,http://item.gmarket.co.kr/Item?goodscode=2011247484
홈데코 · 문구 · 취미 · 반려,문구,문구/사무용품,스티커,스크래치 스티커 300개 행사 이벤트 돌잔치 복권 쿠폰,3320,53,http://item.gmarket.co.kr/Item?goodscode=971874342
홈데코 · 문구 · 취미 · 반려,문구,문구/사무용품,엽서,캘리엽서세트 사과데이 애플데이 수능 크리스마스,8214,78,http://item.gmarket.co.kr/Item?goodscode=784513744
홈데코 · 문구 · 취미 · 반려,문구,문구/사무용품,엽서,만들기패키지178)입체크리스마스카드만들기/성탄카드,22789,36,http://item.gmarket.co.kr/Item?goodscode=420082961
홈데코 · 문구 · 취미 · 반려,문구,문구/사무용품,엽서,체크스토리 압화꽃모음 압화 케이스 레진 공예 수업,12615,53,http://item.gmarket.co.kr/Item?goodscode=427130864
홈데코 · 문구 · 취미 · 반려,문구,문구/사무용품,미술보조용품,DIY 미니어처 하우스 만들기 키트 3+1 사은품 증정,1248,225,http://item.gmarket.co.kr/Item?goodscode=2192120090
홈데코 · 문구 · 취미 · 반려,문구,문구/사무용품,미술보조용품,DIY 보석십자수 (캔버스형) 25x25 30x40 40x50 모음,34858,10829,http://item.gmarket.co.kr/Item?goodscode=868904696
홈데코 · 문구 · 취미 · 반려,문구,문구/사무용품,기타미술보조용품,DIY 미니어처 하우스 만들기 키트 3+1 사은품 증정,1248,225,http://item.gmarket.co.kr/Item?goodscode=2192120090
홈데코 · 문구 · 취미 · 반려,문구,문구/사무용품,기타미술보조용품,DIY 보석십자수 (캔버스형) 25x25 30x40 40x50 모음,34858,10829,http://item.gmarket.co.kr/Item?goodscode=868904696
홈데코 · 문구 · 취미 · 반려,문구,문구/사무용품,캔버스/판넬,민화 DIY 유화그리기 세트 동물 액자만들기 집콕놀이,6350,742,http://item.gmarket.co.kr/Item?goodscode=1868592657
홈데코 · 문구 · 취미 · 반려,문구,문구/사무용품,캔버스/판넬,크리스마스 조명 무드등 만들기 diy 크리스마스소품,16355,39,http://item.gmarket.co.kr/Item?goodscode=1716494555
홈데코 · 문구 · 취미 · 반려,문구,문구/사무용품,캔버스/판넬,민화 DIY 유화그리기 세트 크리스마스 액자 집콕놀이,2485,351,http://item.gmarket.co.kr/Item?goodscode=1872442052
홈데코 · 문구 · 취미 · 반려,문구,문구/사무용품,이젤,나무이젤90 120 130 학원 학교 수업용 미술용 전시용,2588,155,http://item.gmarket.co.kr/Item?goodscode=1596438751
홈데코 · 문구 · 취미 · 반려,문구,문구/사무용품,앞치마/토시/케이스,PVC필름지 A4(6색)/두꺼운 셀로판지/PVC칼라필름,1585,25,http://item.gmarket.co.kr/Item?goodscode=1758871994
홈데코 · 문구 · 취미 · 반려,문구,문구/사무용품,동양화/서예용품,쿠레타케 붓펜 검정색(DM150-22B) 22호 당일발송,10319,65,http://item.gmarket.co.kr/Item?goodscode=1277640392
홈데코 · 문구 · 취미 · 반려,문구,문구/사무용품,기타동양화/서예용품,쿠레타케 붓펜 검정색(DM150-22B) 22호 당일발송,10319,65,http://item.gmarket.co.kr/Item?goodscode=1277640392
홈데코 · 문구 · 취미 · 반려,문구,문구/사무용품,물감/포스터칼라,플레이 전문가용 아크릴물감 500ml 대용량 튜브형,14227,451,http://item.gmarket.co.kr/Item?goodscode=1456488683
홈데코 · 문구 · 취미 · 반려,문구,문구/사무용품,유화물감,비비드 아크릴물감 대용량 220ml 낱색/미술학원,1837,80,http://item.gmarket.co.kr/Item?goodscode=1889253284
홈데코 · 문구 · 취미 · 반려,문구,문구/사무용품,포스터칼라,종이나라 대용량 수채화물감 220ml 컬러뱅크 비비드,1056,32,http://item.gmarket.co.kr/Item?goodscode=1668580998
홈데코 · 문구 · 취미 · 반려,문구,문구/사무용품,기타물감/포스터칼라,쉴드 250ml 12색세트 / 수채화물감 아크릴물감 선택,1553,30,http://item.gmarket.co.kr/Item?goodscode=841862014
홈데코 · 문구 · 취미 · 반려,문구,문구/사무용품,공예용지,고무나라 (정 1KG) 고무밴드/고무줄/노랑 노란고무줄,70136,521,http://item.gmarket.co.kr/Item?goodscode=312347102
홈데코 · 문구 · 취미 · 반려,문구,문구/사무용품,공예용지,두꺼운 부직포 원단 1마,2021,79,http://item.gmarket.co.kr/Item?goodscode=1748897508
홈데코 · 문구 · 취미 · 반려,문구,문구/사무용품,공예용지,인의예지 우리한지/색한지/색운용지/디자인/포장한지,2581,13,http://item.gmarket.co.kr/Item?goodscode=1643508137
홈데코 · 문구 · 취미 · 반려,문구,문구/사무용품,공예용지,4절 시트지(10매) 28색상 접착시트지/단색시트지,3707,39,http://item.gmarket.co.kr/Item?goodscode=195032608
홈데코 · 문구 · 취미 · 반려,문구,문구/사무용품,도화지,스케치북 도화지 130g 8절 125매 x2개(총250매),5203,1932,http://item.gmarket.co.kr/Item?goodscode=2030187373
홈데코 · 문구 · 취미 · 반려,문구,문구/사무용품,도화지,도화지 180g(백색) 8절(250매)/켄트지/2절~16절/수채화,14665,110,http://item.gmarket.co.kr/Item?goodscode=539323998
홈데코 · 문구 · 취미 · 반려,문구,문구/사무용품,우드락/폼보드/하드보드지,원단우드락 5mm 1박스-(30장)60x90cm /크기별선택,7383,103,http://item.gmarket.co.kr/Item?goodscode=186623280
홈데코 · 문구 · 취미 · 반려,문구,문구/사무용품,우드락/폼보드/하드보드지,칼라우드락  60x90cm(5mm)-(5장)/우드락/원단보드,11374,54,http://item.gmarket.co.kr/Item?goodscode=176941304
홈데코 · 문구 · 취미 · 반려,문구,문구/사무용품,우드락/폼보드/하드보드지,도화지 켄트지 8절 180g 500매 백색,1375,56,http://item.gmarket.co.kr/Item?goodscode=1761559100
홈데코 · 문구 · 취미 · 반려,문구,문구/사무용품,크레용/크레파스,파버카스텔 색연필 36/48/60색 카카오프렌즈 컬러링북,32833,385,http://item.gmarket.co.kr/Item?goodscode=680029511
홈데코 · 문구 · 취미 · 반려,문구,문구/사무용품,디자인마카,60색 디자인 마카펜 마카세트 트윈 미술 드로잉펜,26259,2404,http://item.gmarket.co.kr/Item?goodscode=1558516864
홈데코 · 문구 · 취미 · 반려,문구,문구/사무용품,디자인마카,80색 디자인 마카펜 마카세트 트윈 미술 드로잉펜,16311,1690,http://item.gmarket.co.kr/Item?goodscode=1558540830
홈데코 · 문구 · 취미 · 반려,문구,문구/사무용품,디자인마카,168색 디자인 마카펜 마카세트 트윈 미술 드로잉펜,1639,348,http://item.gmarket.co.kr/Item?goodscode=1565272476
홈데코 · 문구 · 취미 · 반려,문구,문구/사무용품,색연필,파버카스텔 수채 색연필 60색 수채화 전문가용 학용품,6639,1130,http://item.gmarket.co.kr/Item?goodscode=1644566107
홈데코 · 문구 · 취미 · 반려,문구,문구/사무용품,보드/게시판,중대형화이트보드 27900원~/물백묵/분필칠판/월중행사,3934,158,http://item.gmarket.co.kr/Item?goodscode=412151961
홈데코 · 문구 · 취미 · 반려,문구,문구/사무용품,블랙보드,블랙보드판 이젤 칠판 카페메뉴판 입간판게시판 간판,26451,134,http://item.gmarket.co.kr/Item?goodscode=199682438
홈데코 · 문구 · 취미 · 반려,문구,문구/사무용품,포장용품,3SK BOX 택배박스 업계를 리드하는 기업,545767,13020,http://item.gmarket.co.kr/Item?goodscode=161267854
홈데코 · 문구 · 취미 · 반려,문구,문구/사무용품,포장용품,100%직접생산/ 박스포유 택배박스,1072575,14107,http://item.gmarket.co.kr/Item?goodscode=153279336
홈데코 · 문구 · 취미 · 반려,문구,문구/사무용품,포장용품,박스테이프 포장 택배(경포장 80m미터 투명-50개),15566,1251,http://item.gmarket.co.kr/Item?goodscode=1340919091
홈데코 · 문구 · 취미 · 반려,문구,문구/사무용품,포장용품,명진박스 20+1행사 택배박스 무지박스 박스,85976,4271,http://item.gmarket.co.kr/Item?goodscode=668196044
홈데코 · 문구 · 취미 · 반려,문구,문구/사무용품,포장용품,박스몰 튼튼하고 다양한 사이즈 택배박스 무료배송,19681,1925,http://item.gmarket.co.kr/Item?goodscode=1540197683
홈데코 · 문구 · 취미 · 반려,문구,문구/사무용품,포장용품,쓰리팩 무소음테이프 50m 쓰리팩 OPP 포장테이프,2109,50,http://item.gmarket.co.kr/Item?goodscode=1523097812
홈데코 · 문구 · 취미 · 반려,문구,문구/사무용품,포장용품,이벤트진행 15+1(테이프) (대량)마운틴 택배박스,16656,1551,http://item.gmarket.co.kr/Item?goodscode=778900314
홈데코 · 문구 · 취미 · 반려,문구,문구/사무용품,포장용품,튼튼한 택배박스 자체생산/박스 포장박스 BOX,143175,2718,http://item.gmarket.co.kr/Item?goodscode=104914497
홈데코 · 문구 · 취미 · 반려,문구,문구/사무용품,포장용품,초특가 할인판매 최고 강도의 택배박스 박스 포장박스,52683,980,http://item.gmarket.co.kr/Item?goodscode=163181232
홈데코 · 문구 · 취미 · 반려,문구,문구/사무용품,포장용품,무료배송 박스테이프 포장 테이프 80M 경포장 투명40개,63192,1264,http://item.gmarket.co.kr/Item?goodscode=634225421
홈데코 · 문구 · 취미 · 반려,문구,문구/사무용품,포장용품,택배박스싸게파는집 튼튼하고 싼 삼삼한 박스,24579,1383,http://item.gmarket.co.kr/Item?goodscode=290491906
홈데코 · 문구 · 취미 · 반려,문구,문구/사무용품,포장용품,박스킹 택배박스 박스 맞춤박스,51702,1231,http://item.gmarket.co.kr/Item?goodscode=285857697
홈데코 · 문구 · 취미 · 반려,문구,문구/사무용품,포장용품,박스테이프 문구 이사 L1-경포장(40Mx50개)투명,144681,1468,http://item.gmarket.co.kr/Item?goodscode=208288450
홈데코 · 문구 · 취미 · 반려,문구,문구/사무용품,포장용품,비앤티박스 택배박스/착한가격/당일퀵배송/최고품질/,124015,1167,http://item.gmarket.co.kr/Item?goodscode=293963256
홈데코 · 문구 · 취미 · 반려,문구,문구/사무용품,포장용품,인쇄 로고 테이프 (신선식품 빨강 50m미터-50개),3130,150,http://item.gmarket.co.kr/Item?goodscode=1474576030
홈데코 · 문구 · 취미 · 반려,문구,문구/사무용품,포장용품,포장에어캡/50cm  50m 4롤/100M 대용량/포장용 뽁뽁이,22469,1023,http://item.gmarket.co.kr/Item?goodscode=898789683
홈데코 · 문구 · 취미 · 반려,문구,문구/사무용품,포장용품,무료배송특가 아이스박스/아이스팩/스티로폼박스,15704,829,http://item.gmarket.co.kr/Item?goodscode=274091633
홈데코 · 문구 · 취미 · 반려,문구,문구/사무용품,포장용품,홍보용 스트레치필름 공업용랩 포장 산업 정품4롤정량,18222,1228,http://item.gmarket.co.kr/Item?goodscode=790578148
홈데코 · 문구 · 취미 · 반려,문구,문구/사무용품,포장용품,박스테이프 더블경포장(80Mx50개)L50 투명 택배 포장,1144,137,http://item.gmarket.co.kr/Item?goodscode=1949664532
홈데코 · 문구 · 취미 · 반려,문구,문구/사무용품,포장용품,박스킹 박스 택배박스 로고박스 맞춤박스,117923,1150,http://item.gmarket.co.kr/Item?goodscode=278991416
홈데코 · 문구 · 취미 · 반려,문구,문구/사무용품,포장용품,박스테이프 포장 택배(경포장 40m미터 투명-50개),1741,151,http://item.gmarket.co.kr/Item?goodscode=1340935568
홈데코 · 문구 · 취미 · 반려,문구,문구/사무용품,포장용품,박스테이프 포장 택배(중포장 50m미터 투명-50개),5947,306,http://item.gmarket.co.kr/Item?goodscode=1341052420
홈데코 · 문구 · 취미 · 반려,문구,문구/사무용품,포장용품,엑소 박스테이프 투명 40M 12개,1194,465,http://item.gmarket.co.kr/Item?goodscode=1808738901
홈데코 · 문구 · 취미 · 반려,문구,문구/사무용품,포장용품,박스테이프 포장 택배(경포장 80m미터 황색-50개),1938,186,http://item.gmarket.co.kr/Item?goodscode=1340929894
홈데코 · 문구 · 취미 · 반려,문구,문구/사무용품,포장용품,박스아울렛몰 색이진하고 튼튼한 KLB재질 택배박스,10309,924,http://item.gmarket.co.kr/Item?goodscode=875881156
홈데코 · 문구 · 취미 · 반려,문구,문구/사무용품,포장용품,스티로폼박스/김치 박스 /아이스박스/아이스팩,39678,254,http://item.gmarket.co.kr/Item?goodscode=168032874
홈데코 · 문구 · 취미 · 반려,문구,문구/사무용품,포장용품,포장용에어캡(33cmX6롤)-1개/뽁뽁이 공장직판 국산정품,24581,287,http://item.gmarket.co.kr/Item?goodscode=214912512
홈데코 · 문구 · 취미 · 반려,문구,문구/사무용품,포장용품,박스테이프 포장 택배(중포장 80m미터 투명-50개),3460,275,http://item.gmarket.co.kr/Item?goodscode=1340971770
홈데코 · 문구 · 취미 · 반려,문구,문구/사무용품,포장용품,2000가지 택배박스 당일 초고속 발송 / 박스 포장박스,19308,374,http://item.gmarket.co.kr/Item?goodscode=630601703
홈데코 · 문구 · 취미 · 반려,문구,문구/사무용품,포장용품,공장직판 국산정품 뽁뽁이/포장에어캡(25cmx8롤)-1개,69561,384,http://item.gmarket.co.kr/Item?goodscode=214908375
홈데코 · 문구 · 취미 · 반려,문구,문구/사무용품,포장용품,포장용 에어캡 뽁뽁이 더블 2T / 4호 50X50M 4롤,4091,450,http://item.gmarket.co.kr/Item?goodscode=1567697260
홈데코 · 문구 · 취미 · 반려,문구,문구/사무용품,포장용품,OPP봉투 접착식 비닐포장 폴리백 30 40 3.5 DD-10169,1921,270,http://item.gmarket.co.kr/Item?goodscode=2194962062
홈데코 · 문구 · 취미 · 반려,문구,문구/사무용품,포장용품,박스테이프 포장 택배(경포장 80m미터 투명-40개),2576,255,http://item.gmarket.co.kr/Item?goodscode=1340888013
홈데코 · 문구 · 취미 · 반려,문구,문구/사무용품,포장지,선물포장비닐/OPP접착/쿠키봉투/빵포장지/어린이집,15685,365,http://item.gmarket.co.kr/Item?goodscode=1499465235
홈데코 · 문구 · 취미 · 반려,문구,문구/사무용품,쇼핑백,OPP봉투 접착식 비닐포장 폴리백 30 40 3.5 DD-10169,1921,270,http://item.gmarket.co.kr/Item?goodscode=2194962062
홈데코 · 문구 · 취미 · 반려,문구,문구/사무용품,쇼핑백,종이쇼핑백 종이가방 크라프트쇼핑백 종이봉투,17242,322,http://item.gmarket.co.kr/Item?goodscode=666065959
홈데코 · 문구 · 취미 · 반려,문구,문구/사무용품,쇼핑백,쇼핑백/비닐쇼핑백/비닐봉투/비닐봉지/비닐/봉투/포장,74993,646,http://item.gmarket.co.kr/Item?goodscode=226843814
홈데코 · 문구 · 취미 · 반려,문구,문구/사무용품,쇼핑백,종이쇼핑백 도시락쇼핑백 종이가방 베스트봉투,13117,172,http://item.gmarket.co.kr/Item?goodscode=716466264
홈데코 · 문구 · 취미 · 반려,문구,문구/사무용품,쇼핑백,박스몰 종이쇼핑백 크라프트 화이트 쇼핑백 종이봉투,1745,125,http://item.gmarket.co.kr/Item?goodscode=1740337039
홈데코 · 문구 · 취미 · 반려,문구,문구/사무용품,택배박스,3SK BOX 택배박스 업계를 리드하는 기업,545767,13020,http://item.gmarket.co.kr/Item?goodscode=161267854
홈데코 · 문구 · 취미 · 반려,문구,문구/사무용품,택배박스,100%직접생산/ 박스포유 택배박스,1072575,14107,http://item.gmarket.co.kr/Item?goodscode=153279336
홈데코 · 문구 · 취미 · 반려,문구,문구/사무용품,택배박스,명진박스 20+1행사 택배박스 무지박스 박스,85976,4271,http://item.gmarket.co.kr/Item?goodscode=668196044
홈데코 · 문구 · 취미 · 반려,문구,문구/사무용품,택배박스,박스몰 튼튼하고 다양한 사이즈 택배박스 무료배송,19681,1925,http://item.gmarket.co.kr/Item?goodscode=1540197683
홈데코 · 문구 · 취미 · 반려,문구,문구/사무용품,택배박스,이벤트진행 15+1(테이프) (대량)마운틴 택배박스,16656,1551,http://item.gmarket.co.kr/Item?goodscode=778900314
홈데코 · 문구 · 취미 · 반려,문구,문구/사무용품,택배박스,튼튼한 택배박스 자체생산/박스 포장박스 BOX,143175,2718,http://item.gmarket.co.kr/Item?goodscode=104914497
홈데코 · 문구 · 취미 · 반려,문구,문구/사무용품,택배박스,초특가 할인판매 최고 강도의 택배박스 박스 포장박스,52683,980,http://item.gmarket.co.kr/Item?goodscode=163181232
홈데코 · 문구 · 취미 · 반려,문구,문구/사무용품,택배박스,택배박스싸게파는집 튼튼하고 싼 삼삼한 박스,24579,1383,http://item.gmarket.co.kr/Item?goodscode=290491906
홈데코 · 문구 · 취미 · 반려,문구,문구/사무용품,택배박스,박스킹 택배박스 박스 맞춤박스,51702,1231,http://item.gmarket.co.kr/Item?goodscode=285857697
홈데코 · 문구 · 취미 · 반려,문구,문구/사무용품,택배박스,비앤티박스 택배박스/착한가격/당일퀵배송/최고품질/,124015,1167,http://item.gmarket.co.kr/Item?goodscode=293963256
홈데코 · 문구 · 취미 · 반려,문구,문구/사무용품,택배박스,무료배송특가 아이스박스/아이스팩/스티로폼박스,15704,829,http://item.gmarket.co.kr/Item?goodscode=274091633
홈데코 · 문구 · 취미 · 반려,문구,문구/사무용품,택배박스,박스킹 박스 택배박스 로고박스 맞춤박스,117923,1150,http://item.gmarket.co.kr/Item?goodscode=278991416
홈데코 · 문구 · 취미 · 반려,문구,문구/사무용품,택배박스,박스아울렛몰 색이진하고 튼튼한 KLB재질 택배박스,10309,924,http://item.gmarket.co.kr/Item?goodscode=875881156
홈데코 · 문구 · 취미 · 반려,문구,문구/사무용품,택배박스,스티로폼박스/김치 박스 /아이스박스/아이스팩,39678,254,http://item.gmarket.co.kr/Item?goodscode=168032874
홈데코 · 문구 · 취미 · 반려,문구,문구/사무용품,택배박스,2000가지 택배박스 당일 초고속 발송 / 박스 포장박스,19308,374,http://item.gmarket.co.kr/Item?goodscode=630601703
홈데코 · 문구 · 취미 · 반려,문구,문구/사무용품,택배박스,초특가공장직영/택배박스/포장박스/박스테잎/당일발송,30828,275,http://item.gmarket.co.kr/Item?goodscode=282415244
홈데코 · 문구 · 취미 · 반려,문구,문구/사무용품,택배봉투,지퍼백/무료배송/pe지퍼백/비닐봉투/인쇄제작,32496,260,http://item.gmarket.co.kr/Item?goodscode=214419235
홈데코 · 문구 · 취미 · 반려,문구,문구/사무용품,택배봉투,택배봉투/폴리백/대형택배봉투/지퍼백,12478,654,http://item.gmarket.co.kr/Item?goodscode=2063103729
홈데코 · 문구 · 취미 · 반려,문구,문구/사무용품,택배봉투,택배봉투 (HDPE이중지) 35x45+4 / 100ea,1654,60,http://item.gmarket.co.kr/Item?goodscode=2013269101
홈데코 · 문구 · 취미 · 반려,문구,문구/사무용품,택배봉투,안전봉투/택배봉투/비닐 PET 뽁뽁이 에어캡,14746,86,http://item.gmarket.co.kr/Item?goodscode=279304195
홈데코 · 문구 · 취미 · 반려,문구,문구/사무용품,스트래치필름,홍보용 스트레치필름 공업용랩 포장 산업 정품4롤정량,18222,1228,http://item.gmarket.co.kr/Item?goodscode=790578148
홈데코 · 문구 · 취미 · 반려,문구,문구/사무용품,에어캡,포장에어캡/50cm  50m 4롤/100M 대용량/포장용 뽁뽁이,22469,1023,http://item.gmarket.co.kr/Item?goodscode=898789683
홈데코 · 문구 · 취미 · 반려,문구,문구/사무용품,에어캡,포장용에어캡(33cmX6롤)-1개/뽁뽁이 공장직판 국산정품,24582,287,http://item.gmarket.co.kr/Item?goodscode=214912512
홈데코 · 문구 · 취미 · 반려,문구,문구/사무용품,에어캡,공장직판 국산정품 뽁뽁이/포장에어캡(25cmx8롤)-1개,69561,384,http://item.gmarket.co.kr/Item?goodscode=214908375
홈데코 · 문구 · 취미 · 반려,문구,문구/사무용품,에어캡,포장용 에어캡 뽁뽁이 더블 2T / 4호 50X50M 4롤,4091,450,http://item.gmarket.co.kr/Item?goodscode=1567697260
홈데코 · 문구 · 취미 · 반려,문구,문구/사무용품,에어캡,폼포미(대) - 별폼 포장용 발포 완충재,1117,35,http://item.gmarket.co.kr/Item?goodscode=1526889834
홈데코 · 문구 · 취미 · 반려,문구,문구/사무용품,에어캡,포장에어캡/50cm 50m 2롤/무료배송/포장용 뽁뽁이,30884,949,http://item.gmarket.co.kr/Item?goodscode=898786249
홈데코 · 문구 · 취미 · 반려,문구,문구/사무용품,에어캡,뽁뽁이 에어캡 2T(50cm x50m x2롤)/포장/포장용/ㄴ,17087,1024,http://item.gmarket.co.kr/Item?goodscode=1572810193
홈데코 · 문구 · 취미 · 반려,문구,문구/사무용품,에어캡,포장용 에어캡 뽁뽁이 2T 4호 50X50M 2롤 외 다양 옵션,6148,358,http://item.gmarket.co.kr/Item?goodscode=1528078755
홈데코 · 문구 · 취미 · 반려,문구,문구/사무용품,에어캡,뽁뽁이/포장용에어캡/에어캡/완충재/단열재 폭50cmx50m,3681,369,http://item.gmarket.co.kr/Item?goodscode=700279514
홈데코 · 문구 · 취미 · 반려,문구,문구/사무용품,에어캡,뽁뽁이 에어캡 2T(25cm x50m x4롤)/포장/포장용/ㄴ,1450,98,http://item.gmarket.co.kr/Item?goodscode=1575645022
홈데코 · 문구 · 취미 · 반려,문구,사무기기,-,본사직영 카시오 FX-570ES plus-2 공학용 계산기,2889,415,http://item.gmarket.co.kr/Item?goodscode=1669386690
홈데코 · 문구 · 취미 · 반려,문구,사무기기,-,카스 정확한 디지털 스텐레스 체중계 HE-66,2276,1112,http://item.gmarket.co.kr/Item?goodscode=1942086703
홈데코 · 문구 · 취미 · 반려,문구,사무기기,-,코팅기 H-320 a3코팅기 A4 코팅지 100매 증정 소형개인,1507,446,http://item.gmarket.co.kr/Item?goodscode=1208714678
